id,name,link
0,Jordan 13 Retro Playoffs (2023),https://stockx.com/fr-fr/air-jordan-13-retro-playoffs-2023
1,Nike Dunk Low Retro PRM Valentine's Day (2023),https://stockx.com/fr-fr/nike-dunk-low-valentines-day-2023
2,Puma LaMelo Ball MB.02 Rick & Morty Adventures,https://stockx.com/fr-fr/puma-lamelo-ball-mb02-rick-and-morty-adventures
3,Jordan 1 Retro High 85 Black White (2023),https://stockx.com/fr-fr/air-jordan-1-retro-high-85-black-white-2023
4,New Balance 991 MiUK JJJJound Grey Olive,https://stockx.com/fr-fr/new-balance-991-miuk-jjjjound-grey-olive
5,New Balance 574 Legacy Stone Island Steel Blue,https://stockx.com/fr-fr/new-balance-574-legacy-stone-island-steel-blue
6,Nike Dunk Low Retro White Black Panda (2021),https://stockx.com/fr-fr/nike-dunk-low-retro-white-black-2021
7,Nike Dunk Low Retro White Black Panda (2021) (W),https://stockx.com/fr-fr/nike-dunk-low-white-black-2021-w
8,Jordan 4 Retro SE Craft Photon Dust,https://stockx.com/fr-fr/air-jordan-4-retro-se-craft-photon-dust
9,Nike Dunk Low Grey Fog,https://stockx.com/fr-fr/nike-dunk-low-grey-fog
10,Nike Dunk Low Retro White Black Panda (2021) (GS),https://stockx.com/fr-fr/nike-dunk-low-retro-white-black-gs
11,Jordan 4 Retro Seafoam (W),https://stockx.com/fr-fr/air-jordan-4-retro-oil-green-w
12,Nike Air Force 1 Low '07 White,https://stockx.com/fr-fr/nike-air-force-1-low-white-07
13,Jordan 1 Retro High OG True Blue,https://stockx.com/fr-fr/air-jordan-1-retro-high-og-true-blue
14,Jordan 1 Low SE Concord,https://stockx.com/fr-fr/air-jordan-1-low-se-concord
15,Jordan 11 Retro Cherry (2022),https://stockx.com/fr-fr/air-jordan-11-retro-cherry-2022
16,Nike Dunk Low Rose Whisper (W),https://stockx.com/fr-fr/nike-dunk-low-rose-whisper-w
17,Jordan 1 Mid SE Space Jam,https://stockx.com/fr-fr/air-jordan-1-mid-space-jam
18,NikeCraft General Purpose Shoe Tom Sachs Field Brown,https://stockx.com/fr-fr/nikecraft-general-purpose-shoe-tom-sachs-brown
19,Jordan 1 Retro High OG Reverse Laney (W),https://stockx.com/fr-fr/air-jordan-1-retro-high-og-reverse-laney-w
20,Jordan 1 Retro High OG Chicago Lost and Found,https://stockx.com/fr-fr/air-jordan-1-retro-high-og-chicago-reimagined-lost-and-found
21,Jordan 1 Retro AJKO Low SP Union Sail Leather,https://stockx.com/fr-fr/air-jordan-1-retro-ajko-low-sp-union-sail
22,Jordan 5 Retro Aqua,https://stockx.com/fr-fr/air-jordan-5-retro-aqua
23,Nike Dunk Low Active Fuchsia (GS),https://stockx.com/fr-fr/nike-dunk-low-active-fuchsia-gs
24,Nike Dunk Low Next Nature White Black Panda (W),https://stockx.com/fr-fr/nike-dunk-low-next-nature-white-black-w
25,Jordan 4 Retro Midnight Navy,https://stockx.com/fr-fr/air-jordan-4-retro-white-midnight-navy
26,Jordan 5 Retro DJ Khaled We The Best Crimson Bliss,https://stockx.com/fr-fr/air-jordan-5-retro-dj-khaled-we-the-best-crimson-bliss
27,Jordan 4 Retro SE Craft Photon Dust (GS),https://stockx.com/fr-fr/air-jordan-4-retro-se-craft-photon-dust-gs
28,Nike Dunk Low Summit White Midnight Navy,https://stockx.com/fr-fr/nike-dunk-low-summit-white-midnight-navy
29,Nike Dunk Low Retro Red Swoosh Panda,https://stockx.com/fr-fr/nike-dunk-low-retro-red-swoosh-panda
30,Nike SB Dunk Low Pro White Gum,https://stockx.com/fr-fr/nike-sb-dunk-low-pro-white-gum
31,adidas Yeezy Slide Bone (2022 Restock),https://stockx.com/fr-fr/adidas-yeezy-slide-bone-2022
32,Nike Dunk High Panda Black White (2021),https://stockx.com/fr-fr/nike-dunk-high-black-white-total-orange-2021
33,Nike LeBron 20 All-Star,https://stockx.com/fr-fr/nike-lebron-20-all-star
34,New Balance 550 White Green,https://stockx.com/fr-fr/new-balance-550-white-green
35,adidas Yeezy Slide Onyx,https://stockx.com/fr-fr/adidas-yeezy-slide-black-onyx
36,Nike Dunk Low Essential Paisley Pack Pink (W),https://stockx.com/fr-fr/nike-dunk-low-essential-paisley-pack-pink-w
37,Jordan 4 Retro A Ma Maniére Violet Ore,https://stockx.com/fr-fr/air-jordan-4-retro-a-ma-maniere-violet-ore
38,Nike SB Dunk Low Pro ISO Orange Label Grey Gum,https://stockx.com/fr-fr/nike-sb-dunk-low-pro-iso-orange-label-grey-gum
39,Nike Dunk Low Industrial Blue Sashiko,https://stockx.com/fr-fr/nike-dunk-low-industrial-blue-sashiko
40,Nike Dunk Low Light Orewood Brown Sashiko,https://stockx.com/fr-fr/nike-dunk-low-light-orewood-brown-sashiko
41,Nike Dunk Low Retro QS Argon (2022),https://stockx.com/fr-fr/nike-dunk-low-retro-qs-flash-white-argon-blue-flash
42,New Balance 530 White Silver Navy,https://stockx.com/fr-fr/new-balance-530-white-silver-navy
43,Jordan 1 Retro Low OG SP Travis Scott Black Phantom,https://stockx.com/fr-fr/air-jordan-1-retro-low-og-sp-travis-scott-black-phantom
44,Nike Dunk Low Retro Reverse Brazil,https://stockx.com/fr-fr/nike-dunk-low-reverse-brazil
45,Jordan 11 Retro Cherry (2022) (GS),https://stockx.com/fr-fr/air-jordan-11-retro-cherry-2022-gs
46,Jordan 1 Retro AJKO Low SP Union White Canvas,https://stockx.com/fr-fr/air-jordan-1-retro-ajko-low-sp-union
47,Jordan 11 Retro Cool Grey (2021),https://stockx.com/fr-fr/air-jordan-11-retro-cool-grey-2021
48," Nike SB Dunk Low Pro ""Why So Sad?"" ",https://stockx.com/fr-fr/nike-sb-dunk-low-pro-why-so-sad
49,Nike Dunk Low Retro Miami Hurricanes,https://stockx.com/fr-fr/nike-dunk-low-retro-miami-hurricanes
50,Nike Air Force 1 Low Supreme White,https://stockx.com/fr-fr/nike-air-force-1-low-supreme-box-logo-white
51,Nike Dunk Low Next Nature White Mint (W),https://stockx.com/fr-fr/nike-dunk-low-next-nature-white-mint-w
52,Nike Dunk High Panda (2021) (W),https://stockx.com/fr-fr/nike-dunk-high-panda-2021-w
53,adidas Yeezy Slide Resin (2022),https://stockx.com/fr-fr/adidas-yeezy-slide-resin-2022
54,Nike Air Force 1 Low Valentine’s Day (2023) (W),https://stockx.com/fr-fr/nike-air-force-1-low-valentines-day-2023
55,Jordan 4 Retro Military Black,https://stockx.com/fr-fr/air-jordan-4-retro-military-black
56,Jordan 1 Retro High OG Taxi,https://stockx.com/fr-fr/air-jordan-1-retro-high-og-yellow-toe
57,Nike Dunk Low Phantom Metallic Gold (W),https://stockx.com/fr-fr/nike-dunk-low-phantom-metallic-gold-w
58,adidas Yeezy Slide Flax,https://stockx.com/fr-fr/adidas-yeezy-slide-flax
59,New Balance 550 White Grey,https://stockx.com/fr-fr/new-balance-550-white-grey
60,adidas Forum Buckle Low Bad Bunny Last Forum,https://stockx.com/fr-fr/adidas-forum-buckle-low-white
61,Jordan 1 Retro High OG Patent Bred,https://stockx.com/fr-fr/air-jordan-1-retro-high-og-patent-bred
62,Crocs Pollex Clog by Salehe Bembury Sasquatch,https://stockx.com/fr-fr/crocs-pollex-clog-by-salehe-bembury-sasquatch
63,Nike Dunk Low QS LeBron James Fruity Pebbles,https://stockx.com/fr-fr/nike-dunk-low-qs-lebron-james-fruity-pebbles
64,Nike Dunk Low Retro White Black Panda (2021) (TD),https://stockx.com/fr-fr/nike-dunk-low-retro-white-black-td
65,Jordan 2 Retro Lucky Green,https://stockx.com/fr-fr/air-jordan-2-retro-lucky-green
66,Jordan 2 Retro OG Chicago (2022),https://stockx.com/fr-fr/air-jordan-2-retro-chicago-2022
67,Jordan 6 Retro Chrome Metallic Silver,https://stockx.com/fr-fr/air-jordan-6-retro-metallic-silver
68,Jordan 1 Low True Blue,https://stockx.com/fr-fr/air-jordan-1-low-true-blue
69,Nike Cortez SP CLOT CLOTEZ Yin Yang,https://stockx.com/fr-fr/nike-cortez-sp-clot-clotez-yin-yang
70,Nike Dunk Low Retro White Black Panda (2021) (PS),https://stockx.com/fr-fr/nike-dunk-low-retro-white-black-ps
71,Jordan 1 Mid White Metallic Gold Obsidian,https://stockx.com/fr-fr/air-jordan-1-mid-white-metallic-gold-obsidian
72,Nike SB Dunk Low Pro Black Gum,https://stockx.com/fr-fr/nike-sb-dunk-low-pro-black-gum
73,Jordan 3 Retro Fire Red (2022),https://stockx.com/fr-fr/air-jordan-3-retro-fire-red-2022
74,Jordan 4 Retro SE Black Canvas,https://stockx.com/fr-fr/air-jordan-4-retro-se-black-canvas
75,NikeCraft General Purpose Shoe Tom Sachs Archive Dark Sulfur,https://stockx.com/fr-fr/nikecraft-general-purpose-shoe-tom-sachs-yellow
76,adidas Yeezy Foam RNR Onyx,https://stockx.com/fr-fr/adidas-yeezy-foam-rnnr-onyx
77,Nike Tiger Woods TW '13 Retro White Varsity Red,https://stockx.com/fr-fr/nike-tiger-woods-13-retro-white-varsity-red
78,adidas Yeezy Boost 350 V2 Bone,https://stockx.com/fr-fr/adidas-yeezy-boost-350-v2-bone
79,adidas Yeezy Boost 350 V2 Beluga Reflective,https://stockx.com/fr-fr/adidas-yeezy-boost-350-v2-beluga-reflective
80,adidas Yeezy Boost 350 V2 Zebra,https://stockx.com/fr-fr/adidas-yeezy-boost-350-v2-white-core-black-red
81,Jordan 12 Retro Black Taxi,https://stockx.com/fr-fr/air-jordan-12-retro-black-taxi
82,Nike Dunk Low Retro White Pure Platinum,https://stockx.com/fr-fr/nike-dunk-low-retro-white-pure-platinum
83,UGG Classic Ultra Mini Chestnut (W),https://stockx.com/fr-fr/ugg-classic-ultra-mini-chestnut-w
84," Nike Air Force 1 Low ""Supreme Black"" ",https://stockx.com/fr-fr/nike-air-force-1-low-supreme-box-logo-black
85,Jordan 1 Low SE Concord (GS),https://stockx.com/fr-fr/air-jordan-1-low-se-concord-gs
86,Jordan 4 Retro Canyon Purple (W),https://stockx.com/fr-fr/air-jordan-4-retro-canyon-purple-w
87,Jordan 1 Low Shadow Toe,https://stockx.com/fr-fr/air-jordan-1-low-shadow-toe
88,adidas Samba OG Cloud White Core Black,https://stockx.com/fr-fr/adidas-samba-og-cloud-white-core-black
89,New Balance 2002R Protection Pack Rain Cloud,https://stockx.com/fr-fr/new-balance-m2002-protection-pack-rain-cloud
90,Nike Dunk Low Setsubun (2022),https://stockx.com/fr-fr/nike-dunk-low-setsubun-2022
91,Nike Air Force 1 Low '07 Black Black,https://stockx.com/fr-fr/nike-air-force-1-07-black-black
92,Jordan 6 Retro Cool Grey,https://stockx.com/fr-fr/air-jordan-6-retro-cool-grey
93,Nike SB Dunk Low Sandy Bodecker,https://stockx.com/fr-fr/nike-sb-dunk-low-ebay-sandy-boedecker
94,UGG Tasman Slipper Chestnut,https://stockx.com/fr-fr/ugg-tasman-slipper-chestnut
95,Nike Blazer Mid 77 Vintage White Black,https://stockx.com/fr-fr/nike-blazer-mid-77-vintage-white-black
96," Jordan 1 Retro Low OG ""Zion Williamson Voodoo"" ",https://stockx.com/fr-fr/air-jordan-1-retro-low-og-zion-williamson-voodoo
97,Jordan 1 Retro High OG Chicago Lost and Found (GS),https://stockx.com/fr-fr/air-jordan-1-retro-high-og-chicago-reimagined-lost-and-found-gs
98,Nike Court Legacy Lift White Black (W),https://stockx.com/fr-fr/nike-court-legacy-lift-white-black-w
99,Nike Dunk Low Peach Cream (W),https://stockx.com/fr-fr/nike-dunk-low-peach-cream-w
100,Jordan 1 Low Bred Toe,https://stockx.com/fr-fr/air-jordan-1-low-bred-toe
101,adidas Samba Vegan White Gum,https://stockx.com/fr-fr/adidas-samba-vegan-white-gum
102,Jordan 13 Retro Playoffs (2023) (GS),https://stockx.com/fr-fr/air-jordan-13-retro-playoffs-2023-gs
103,Jordan 1 Retro High OG Starfish (W),https://stockx.com/fr-fr/air-jordan-1-retro-high-og-starfish-w
104,Nike Dunk Low Mineral Slate Armory Navy,https://stockx.com/fr-fr/nike-dunk-low-armory-navy
105,Jordan 1 Mid Light Smoke Grey,https://stockx.com/fr-fr/air-jordan-1-mid-light-smoke-grey
106,UGG Tazz Slipper Chestnut (W),https://stockx.com/fr-fr/ugg-tazz-slipper-chestnut-w
107,Jordan 4 Retro Midnight Navy (GS),https://stockx.com/fr-fr/air-jordan-4-retro-midnight-navy-gs
108,Nike SB Dunk Low Concepts Orange Lobster,https://stockx.com/fr-fr/nike-sb-dunk-low-concepts-orange-lobster
109,Nike Zoom LeBron NXXT Gen I Promise,https://stockx.com/fr-fr/nike-zoom-lebron-nxxt-gen-i-promise
110,Jordan 1 Retro High OG Bleached Coral,https://stockx.com/fr-fr/air-jordan-1-retro-high-og-stage-haze
111,UGG Classic Ultra Mini Platform Chestnut (W),https://stockx.com/fr-fr/ugg-classic-ultra-mini-platform-chestnut-w
112,Nike Dunk Low Safari Mix (W),https://stockx.com/fr-fr/nike-dunk-low-safari-mix-w
113,adidas Samba Vegan Black Gum,https://stockx.com/fr-fr/adidas-samba-vegan-black-gum
114,adidas Yeezy Boost 350 V2 Slate,https://stockx.com/fr-fr/adidas-yeezy-boost-350-v2-slate-core-black-slate
115,Jordan 13 Retro Black University Blue,https://stockx.com/fr-fr/air-jordan-13-retro-university-blue
116,adidas Yeezy Slide Pure (Restock Pair),https://stockx.com/fr-fr/adidas-yeezy-slide-pure-restock-pair
117,Jordan 4 Retro Red Thunder,https://stockx.com/fr-fr/air-jordan-4-retro-red-thunder
118,Nike Air Force 1 Low Drake NOCTA Certified Lover Boy,https://stockx.com/fr-fr/nike-air-force-1-low-drake-certified-lover-boy
119,Nike Dunk Low Arizona State,https://stockx.com/fr-fr/nike-dunk-low-arizona-state
120,Jordan 4 Retro Infrared,https://stockx.com/fr-fr/air-jordan-4-retro-infrared
121,Nike Dunk Low SP Kentucky (2020/2022),https://stockx.com/fr-fr/nike-dunk-low-sp-kentucky
122,adidas Yeezy Boost 350 V2 Onyx,https://stockx.com/fr-fr/adidas-yeezy-boost-350-v2-onyx
123,Jordan 1 Mid White Black Red (2022),https://stockx.com/fr-fr/air-jordan-1-mid-white-black-red-2022
124,UGG Tasman Slipper Chestnut (W),https://stockx.com/fr-fr/ugg-tasman-slipper-chestnut-w
125,Jordan 1 High OG Denim (W),https://stockx.com/fr-fr/air-jordan-1-high-og-denim-w
126,Jordan 1 Mid True Blue,https://stockx.com/fr-fr/air-jordan-1-mid-true-blue
127,adidas Gazelle Bold Pink Glow (W),https://stockx.com/fr-fr/adidas-gazelle-bold-pink-glow-w
128," Nike Dunk Low SE ""Lottery Pack Grey Fog"" ",https://stockx.com/fr-fr/nike-dunk-low-se-jackpot
129," Jordan 1 Retro High ""White University Blue Black"" ",https://stockx.com/fr-fr/air-jordan-1-retro-high-white-university-blue-black
130,Jordan 1 Mid Knicks,https://stockx.com/fr-fr/air-jordan-1-mid-knicks
131,Jordan 1 Retro High OG Gorge Green,https://stockx.com/fr-fr/air-jordan-1-retro-high-og-gorge-green
132,adidas Samba OG Black White Gum,https://stockx.com/fr-fr/adidas-samba-black-white-gum
133,Nike Dunk Low USC,https://stockx.com/fr-fr/nike-dunk-low-usc
134," Nike Dunk Low SE ""Lottery Pack Malachite Green"" ",https://stockx.com/fr-fr/nike-dunk-low-se-lottery
135,Nike Dunk Low Valentine's Day Yellow Heart (W),https://stockx.com/fr-fr/nike-dunk-low-yellow-heart-w
136,Jordan 5 Retro Aqua (GS),https://stockx.com/fr-fr/air-jordan-5-retro-aqua-gs
137,adidas Yeezy Slide Glow Green (2022) (Restock),https://stockx.com/fr-fr/adidas-yeezy-slide-glow-green-2022
138,Jordan 2 Retro J Balvin,https://stockx.com/fr-fr/air-jordan-2-retro-j-balvin
139,Jordan 9 Retro Fire Red,https://stockx.com/fr-fr/air-jordan-9-retro-fire-red
140,Jordan 1 Mid Diamond Shorts,https://stockx.com/fr-fr/air-jordan-1-mid-diamond-shorts
141,New Balance 550 White Black,https://stockx.com/fr-fr/new-balance-550-white-black
142," adidas Campus 80s ""South Park Towelie"" ",https://stockx.com/fr-fr/adidas-campus-80s-south-park-towelie
143,adidas ADI2000 Yu-Gi-Oh! Yugi's World (with Sealed Dark Magician Promo Card),https://stockx.com/fr-fr/adidas-adi2000-yu-gi-oh-yugis-world
144,Jordan 1 Mid SE Space Jam (GS),https://stockx.com/fr-fr/air-jordan-1-mid-space-jam-gs
145,Jordan 1 Retro Low OG SP Travis Scott Reverse Mocha,https://stockx.com/fr-fr/air-jordan-1-retro-low-og-sp-travis-scott-reverse-mocha
146,Jordan 11 Retro Low 72-10,https://stockx.com/fr-fr/air-jordan-11-retro-low-72-10
147,UGG Tasman Slipper Black,https://stockx.com/fr-fr/ugg-tasman-slipper-black
148,Nike Dunk Low Retro PRM Year of the Rabbit White Rabbit (2023),https://stockx.com/fr-fr/nike-dunk-low-retro-prm-year-of-the-rabbit-white-crimson-varsity-royal
149,adidas Yeezy Boost 350 V2 Black Red (2017/2020),https://stockx.com/fr-fr/adidas-yeezy-boost-350-v2-core-black-red-2017
150,Nike Air VaporMax Plus Triple Black,https://stockx.com/fr-fr/nike-air-vapormax-plus-triple-black
151,Jordan 1 Retro High OG White Cement,https://stockx.com/fr-fr/air-jordan-1-retro-high-og-white-cement
152,Jordan 1 Retro High OG Rebellionaire,https://stockx.com/fr-fr/air-jordan-1-retro-high-og-rebellionaire
153,Jordan 1 Mid Ice Blue (2022) (GS),https://stockx.com/fr-fr/air-jordan-1-mid-ice-blue-gs
154,Nike KD 3 All-Star (2023),https://stockx.com/fr-fr/nike-kd-3-all-star-2023
155,Nike React Phantom Run Flyknit 2 Black Hyper Royal,https://stockx.com/fr-fr/nike-react-phantom-run-flyknit-2-black-hyper-royal
156,Nike Air Max 1 Crepe Soft Grey,https://stockx.com/fr-fr/nike-air-max-1-crepe-soft-grey
157,New Balance 1906D Protection Pack Harbor Grey,https://stockx.com/fr-fr/new-balance-1906d-protection-pack-harbor-grey
158,Jordan 1 Retro High OG Dark Marina Blue,https://stockx.com/fr-fr/air-jordan-1-retro-high-og-dark-marina-blue
159,Jordan 4 Retro Military Black (GS),https://stockx.com/fr-fr/air-jordan-4-retro-military-black-gs
160,Jordan 4 Retro Military Black (GS),https://stockx.com/fr-fr/air-jordan-4-retro-military-black-gs
161,Nike Vapor Edge Dunk Panda,https://stockx.com/fr-fr/nike-vapor-edge-dunk-panda
162,Jordan 6 Retro Georgetown (2022),https://stockx.com/fr-fr/air-jordan-6-retro-georgetown-2022
163,Nike Dunk Low Teddy Bear (W),https://stockx.com/fr-fr/nike-dunk-low-teddy-bear-w
164,UGG Tasman Slipper Driftwood (W),https://stockx.com/fr-fr/ugg-tasman-slipper-driftwood-w
165,Nike Air Penny 2 Black Patent Football Grey,https://stockx.com/fr-fr/nike-air-penny-2-black-patent
166,Jordan 12 Retro Playoffs (2022),https://stockx.com/fr-fr/air-jordan-12-retro-playoffs-2022
167,Jordan 1 Retro High OG Heritage,https://stockx.com/fr-fr/air-jordan-1-retro-high-og-heritage
168,adidas Yeezy Foam RNNR Sand,https://stockx.com/fr-fr/adidas-yeezy-foam-rnnr-sand
169,Jordan 4 Retro Lightning (2021),https://stockx.com/fr-fr/air-jordan-4-retro-lightning-2021
170,adidas Yeezy 700 V3 Azael,https://stockx.com/fr-fr/adidas-yeezy-boost-700-v3-azael
171,Jordan 1 Low SE Reverse Ice Blue (W),https://stockx.com/fr-fr/air-jordan-1-low-se-reverse-ice-blue-w
172,Jordan 1 Elevate Low SE Lucky Green (W),https://stockx.com/fr-fr/air-jordan-1-elevate-low-se-lucky-green-w
173,Jordan 1 Retro Low OG Black Dark Powder Blue,https://stockx.com/fr-fr/air-jordan-1-retro-low-og-unc
174,Nike SB Dunk Low Adobe,https://stockx.com/fr-fr/nike-dunk-low-adobe
175,adidas Yeezy Boost 700 Wave Runner,https://stockx.com/fr-fr/adidas-yeezy-wave-runner-700-solid-grey
176,Nike SB Dunk Low Pro QS Neckface,https://stockx.com/fr-fr/nike-dunk-sb-low-pro-qs-neckface
177,Jordan 1 Low SE Sail Rattan University Red,https://stockx.com/fr-fr/air-jordan-1-low-se-sail-rattan-university-red
178,New Balance 9060 Bricks & Wood,https://stockx.com/fr-fr/new-balance-9060-bricks-wood
179,MSCHF Big Red Boot,https://stockx.com/fr-fr/mschf-big-red-boot
180,NikeCraft General Purpose Shoe Tom Sachs,https://stockx.com/fr-fr/nikecraft-general-purpose-shoe-tom-sachs
181,Jordan 1 Low Aluminum (W),https://stockx.com/fr-fr/air-jordan-1-low-aluminum-w
182,Jordan 1 Mid Stealth (W),https://stockx.com/fr-fr/air-jordan-1-mid-stealth-w
183,Nike Dunk High Blue Chill,https://stockx.com/fr-fr/nike-dunk-high-blue-chill
184,Nike Dunk Low Retro Pure Platinum Blue Lightning,https://stockx.com/fr-fr/nike-dunk-low-retro-light-blue-2023
185,Nike Air Max 97 Triple White Wolf Grey,https://stockx.com/fr-fr/nike-air-max-97-white-wolf-grey
186,Jordan 1 Retro High OG Heirloom,https://stockx.com/fr-fr/air-jordan-1-retro-high-og-heirloom
187,Jordan 6 Retro Chrome Metallic Silver (GS),https://stockx.com/fr-fr/air-jordan-6-retro-chrome-metallic-silver-gs
188,Nike Dunk Low Stencil Swoosh,https://stockx.com/fr-fr/nike-dunk-low-stencil-swoosh
189,Nike Dunk Low Retro Green Glow,https://stockx.com/fr-fr/nike-dunk-low-retro-green-glow
190,adidas Yeezy Boost 350 V2 Core Black Red (2016/2022),https://stockx.com/fr-fr/adidas-yeezy-boost-350-v2-core-black-red
191,Nike SB Dunk Low Los Angeles Dodgers,https://stockx.com/fr-fr/nike-sb-dunk-low-los-angeles-dodgers
192,Nike Dunk Low Light Iron Ore (W),https://stockx.com/fr-fr/nike-dunk-low-light-iron-ore-w
193,Nike Dunk Low SP Syracuse (2020/2022),https://stockx.com/fr-fr/nike-dunk-low-sp-syracuse
194," Nike SB Dunk Low ""HUF San Francisco"" ",https://stockx.com/fr-fr/nike-sb-dunk-low-huf-san-francisco
195,Nike Dunk Low Montreal Bagel Sesame,https://stockx.com/fr-fr/nike-dunk-low-montreal-bagel-sesame
196,Nike Dunk Low Halloween (2022) (GS),https://stockx.com/fr-fr/nike-dunk-low-halloween-gs-2022
197,Nike Dunk Low Grey Panda Volt,https://stockx.com/fr-fr/nike-dunk-low-grey-panda-volt
198,Nike Dunk Low UCLA,https://stockx.com/fr-fr/nike-dunk-low-ucla
199,Jordan 1 Retro High OG Atmosphere (W),https://stockx.com/fr-fr/air-jordan-1-retro-high-og-atmosphere-w
200,Nike Dunk Low Medium Olive (W),https://stockx.com/fr-fr/nike-dunk-low-medium-olive-w
201,Jordan 3 Retro Dark Iris,https://stockx.com/fr-fr/air-jordan-3-retro-dark-iris
202,Converse Chuck Taylor All-Star 70 Hi Comme des Garcons PLAY Black,https://stockx.com/fr-fr/converse-chuck-taylor-all-star-70s-hi-comme-des-garcons-play-black
203,Nike Dunk Low Retro White Grey,https://stockx.com/fr-fr/nike-dunk-low-retro-white-grey
204,Jordan 1 Mid Lakers (2022),https://stockx.com/fr-fr/air-jordan-1-mid-lakers-2022
205,Nike Dunk Low Triple Pink (GS),https://stockx.com/fr-fr/nike-dunk-low-triple-pink-gs
206,Crocs Pollex Clog by Salehe Bembury Kuwata,https://stockx.com/fr-fr/crocs-pollex-clog-by-salehe-bembury-kuwata
207,Jordan 1 Low Craft Inside Out Black,https://stockx.com/fr-fr/air-jordan-1-low-inside-out-black
208,Jordan 1 Low SE Craft Taupe Haze,https://stockx.com/fr-fr/air-air-jordan-1-low-se-craft-taupe-haze
209,Jordan 6 Retro UNC White,https://stockx.com/fr-fr/air-jordan-6-retro-unc-white
210,Jordan 1 Mid Split Black White (W),https://stockx.com/fr-fr/air-jordan-1-mid-split-black-white
211,Jordan 1 Retro High Shadow 2.0,https://stockx.com/fr-fr/air-jordan-1-retro-high-black-white-light-smoke-grey
212,Jordan 1 Retro High OG A Ma Maniére,https://stockx.com/fr-fr/air-jordan-1-retro-high-og-a-ma-maniere
213,Nike Dunk Low Retro Coconut Milk (W),https://stockx.com/fr-fr/nike-dunk-low-retro-coconut-milk-w
214,Birkenstock Boston Soft Footbed Suede Taupe,https://stockx.com/fr-fr/birkenstock-boston-soft-footbed-suede-taupe
215,Nike Dunk Low Dark Beetroot,https://stockx.com/fr-fr/nike-dunk-low-dark-beetroot
216,Jordan 11 Retro Midnight Navy (W),https://stockx.com/fr-fr/air-jordan-11-retro-midnight-navy-w
217,Nike Dunk Low Retro PRM Halloween (2022),https://stockx.com/fr-fr/nike-dunk-low-swoosh-shadow-iron-grey
218," Jordan 4 Retro ""Messy Room (GS)"" ",https://stockx.com/fr-fr/air-jordan-4-retro-messy-room-gs
219,Nike Dunk Low Ironstone,https://stockx.com/fr-fr/nike-dunk-low-ironstone
220,Nike Dunk Low Coconut Milk,https://stockx.com/fr-fr/nike-dunk-low-coconut-milk
221,Nike Air Force 1 Low '07 White (W),https://stockx.com/fr-fr/nike-air-force-1-low-white-2018-w
222,Nike Dunk Low Graffiti Pink,https://stockx.com/fr-fr/nike-dunk-low-graffiti
223,Jordan 1 Mid Alternate Bred (2022),https://stockx.com/fr-fr/air-jordan-1-mid-alternate-bred-2022
224,Jordan 6 Retro Midnight Navy (2022),https://stockx.com/fr-fr/air-jordan-6-retro-midnight-navy-2022
225,Jordan 4 Retro Zen Master,https://stockx.com/fr-fr/air-jordan-4-retro-zen-master
226,Jordan 1 Low OG EX Black Smoke Grey,https://stockx.com/fr-fr/air-jordan-1-low-og-ex-dark-smoke-grey
227,Jordan 1 Low Triple White (2022),https://stockx.com/fr-fr/air-jordan-1-low-triple-white-2022
228,New Balance 550 Sea Salt Pine Green,https://stockx.com/fr-fr/new-balance-550-sea-salt-pine-green
229,Jordan 3 Retro Cardinal Red,https://stockx.com/fr-fr/air-jordan-3-retro-cardinal-red
230," Jordan 1 Retro High ""Dark Mocha"" ",https://stockx.com/fr-fr/air-jordan-1-retro-high-dark-mocha
231,Jordan 5 Retro Dark Concord,https://stockx.com/fr-fr/air-jordan-5-retro-concord
232,Nike Air VaporMax 2021 FK Black Anthracite,https://stockx.com/fr-fr/nike-air-vapormax-2021-fk-black-anthracite
233,Jordan 1 Low Fragment x Travis Scott,https://stockx.com/fr-fr/air-jordan-1-low-fragment-design-x-travis-scott
234,Jordan 1 Retro High OG Twist 2.0 Medium Grey (W),https://stockx.com/fr-fr/air-jordan-1-retro-high-og-twist-20-w
235,Nike Air Max 1 Premium Hangul Day,https://stockx.com/fr-fr/nike-air-max-1-premium-hangul-day
236,Jordan 1 Retro High OG Brotherhood,https://stockx.com/fr-fr/air-jordan-1-retro-high-og-brotherhood
237,Jordan 1 Mid SE Craft Inside Out White Grey,https://stockx.com/fr-fr/air-jordan-1-mid-inside-out-white-grey
238,Jordan 13 Retro French Blue,https://stockx.com/fr-fr/air-jordan-13-retro-french-blue
239,Jordan 1 High Golf Black White,https://stockx.com/fr-fr/air-jordan-1-high-golf-black-white
240,New Balance 9060 Blue Haze,https://stockx.com/fr-fr/new-balance-9060-blue-haze
241,Crocs Classic Clog Lightning McQueen,https://stockx.com/fr-fr/crocs-classic-clog-lightning-mcqueen
242,Nike Air Max 1 Travis Scott Cactus Jack Saturn Gold,https://stockx.com/fr-fr/nike-air-max-1-travis-scott-wheat
243,Nike Air VaporMax 2021 FK White Black Metallic Silver,https://stockx.com/fr-fr/nike-air-vapormax-2021-fk-white-black-metallic-silver
244,Nike Air Max Plus White,https://stockx.com/fr-fr/nike-air-max-plus-white
245,adidas Yeezy Slide Ochre,https://stockx.com/fr-fr/adidas-yeezy-slide-ochre
246,Nike Dunk Low Valerian Blue,https://stockx.com/fr-fr/nike-dunk-low-valerian-blue
247,adidas Yeezy Boost 350 V2 Blue Tint,https://stockx.com/fr-fr/adidas-yeezy-boost-350-v2-blue-tint
248,Jordan 1 Low Inside Out White Phantom,https://stockx.com/fr-fr/air-jordan-1-low-inside-out-cream-white-light-grey
249," Jordan 1 Low OG ""Bleached Coral"" ",https://stockx.com/fr-fr/air-jordan-1-low-og-bleached-coral
250,New Balance 990v5 Grey,https://stockx.com/fr-fr/new-balance-990v5-grey
251,Crocs Pollex Clog by Salehe Bembury Tide,https://stockx.com/fr-fr/crocs-pollex-clog-by-salehe-bembury-tide
252,Jordan 1 Low Ashen Slate,https://stockx.com/fr-fr/air-jordan-1-low-ashen-slate
253,Jordan 5 Retro UNC University Blue,https://stockx.com/fr-fr/air-jordan-5-retro-unc-university-blue
254,Nike Air Max 1 Travis Scott Cactus Jack Baroque Brown,https://stockx.com/fr-fr/nike-air-max-1-travis-scott-baroque-brown
255,Jordan 12 Retro Stealth,https://stockx.com/fr-fr/air-jordan-12-retro-stealth
256,Jordan 1 Retro Low Golf Shadow,https://stockx.com/fr-fr/air-jordan-1-retro-low-golf-shadow
257,Nike Air Max 97 OG Silver Bullet (2022),https://stockx.com/fr-fr/nike-air-max-97-og-silver-bullet-2022
258,adidas Handball Spezial Navy Gum,https://stockx.com/fr-fr/adidas-handball-spezial-navy-gum
259,Nike Dunk Low Championship Court Purple,https://stockx.com/fr-fr/nike-dunk-low-championship-court-purple
260,Nike Dunk Low Venice (W),https://stockx.com/fr-fr/nike-dunk-low-light-violet-w
261,Jordan 1 Retro High OG Bordeaux,https://stockx.com/fr-fr/air-jordan-1-retro-high-bordeaux
262,Jordan 1 Retro High OG Stealth,https://stockx.com/fr-fr/air-jordan-1-retro-high-og-stealth
263,Nike Air Force 1 Low SP Supreme Wheat,https://stockx.com/fr-fr/nike-air-force-1-low-supreme-flax
264,UGG Tasman Slipper Black (W),https://stockx.com/fr-fr/ugg-tasman-slipper-black-w
265,Nike Air Max Plus Triple Black,https://stockx.com/fr-fr/nike-air-max-plus-triple-black
266,Nike LeBron 20 Violet Frost,https://stockx.com/fr-fr/nike-lebron-20-violet-frost
267,UGG Neumel Boot Black,https://stockx.com/fr-fr/ugg-neumel-boot-black
268,Jordan 1 Low White Bordeaux,https://stockx.com/fr-fr/air-jordan-1-low-white-bordeaux
269,Nike Air Force 1 Low 40th Anniversary Edition Split Black White,https://stockx.com/fr-fr/nike-air-force-1-low-anniversary-edition-split-black-white
270,Jordan 6 Retro Cool Grey (2023) (GS) ,https://stockx.com/fr-fr/air-jordan-6-retro-cool-grey-gs-2023
271,adidas Yeezy Foam RNNR Stone Sage,https://stockx.com/fr-fr/adidas-yeezy-foam-rnnr-stone-sage
272,Jordan 1 Mid Linen,https://stockx.com/fr-fr/air-jordan-1-mid-linen
273,Nike Dunk Low EMB NBA 75th Anniversary Chicago,https://stockx.com/fr-fr/nike-dunk-low-emb-nba-75th-anniversary
274,Jordan 5 Retro Green Bean (2022),https://stockx.com/fr-fr/air-jordan-5-retro-green-bean-2022
275,Nike Blazer Mid 77 White Black (W),https://stockx.com/fr-fr/nike-blazer-mid-77-white-black-w
276,Jordan 1 Retro High OG Varsity Red (W),https://stockx.com/fr-fr/air-jordan-1-high-og-newstalgia-chenille-w
277,Nike KD 15 Aunt Pearl,https://stockx.com/fr-fr/nike-kd-15-aunt-pearl
278,New Balance 550 White Blue,https://stockx.com/fr-fr/new-balance-550-white-blue
279," Nike Air Force 1 Low ""Triple Red"" ",https://stockx.com/fr-fr/nike-air-force-1-low-triple-red
280,Jordan 1 Retro High OG True Blue (GS),https://stockx.com/fr-fr/air-jordan-1-retro-high-og-true-blue-gs
281,Nike Air Force 1 Low SP Tiffany And Co.,https://stockx.com/fr-fr/nike-air-force-1-low-sp-tiffany-and-co
282,Jordan 1 Low Diamond Shorts,https://stockx.com/fr-fr/air-jordan-1-low-diamond-shorts
283,adidas Yeezy Boost 350 V2 MX Rock,https://stockx.com/fr-fr/adidas-yeezy-boost-350-v2-mx-rock
284,Jordan 1 Retro High OG Hyper Royal,https://stockx.com/fr-fr/air-jordan-1-retro-high-hyper-royal-smoke-grey
285,UGG Disquette Slipper Chestnut (W),https://stockx.com/fr-fr/ugg-disquette-slipper-chestnut-w
286,Nike Air Max Penny 1 All-Star Black Metallic Silver,https://stockx.com/fr-fr/nike-air-max-penny-1-all-star-black-metallic-silver-varsity-royal
287,Nike Dunk Low Ivory Hyper Royal (GS),https://stockx.com/fr-fr/nike-dunk-low-ivory-hyper-royal-gs
288,Jordan 13 Retro SoleFly,https://stockx.com/fr-fr/air-jordan-13-retro-solefly
289,Puma LaMelo Ball MB.02 Nickelodeon Slime (GS),https://stockx.com/fr-fr/puma-lamelo-ball-mb02-nickelodeon-slime-gs
290,Nike LeBron 20 Liverpool,https://stockx.com/fr-fr/nike-lebron-20-liverpool
291,Jordan 5 Retro Racer Blue,https://stockx.com/fr-fr/air-jordan-5-retro-racer-blue
292,Jordan 3 Retro Fire Red (2022) (GS),https://stockx.com/fr-fr/air-jordan-3-retro-fire-red-2022-gs
293,Nike TC 7900 Sail (W),https://stockx.com/fr-fr/nike-tc-7900-sail-w
294,Nike LD Waffle sacai Undercover Midnight Spruce University Red,https://stockx.com/fr-fr/nike-ld-waffle-sacai-undercover-university-red
295,Nike Dunk Low Retro PRM Mars Stone,https://stockx.com/fr-fr/nike-dunk-low-retro-prm-mars-stone
296,Nike PG 6 What The,https://stockx.com/fr-fr/nike-pg-6-what-the
297,Nike Dunk Low Two-Toned Grey (GS),https://stockx.com/fr-fr/nike-dunk-low-two-toned-grey-gs
298,Nike Air Force 1 Low '07 White Black Pebbled Leather,https://stockx.com/fr-fr/nike-air-force-1-07-white-black-pebbled-leather
299,Jordan 11 Retro Jubilee 25th Anniversary,https://stockx.com/fr-fr/air-jordan-11-retro-black-clear
300," Jordan 5 Retro ""Raging Bull Red (2021)"" ",https://stockx.com/fr-fr/air-jordan-5-retro-raging-bulls-red-2021
301,Nike SB Dunk Low Pro St. Patrick's Day (2022),https://stockx.com/fr-fr/nike-sb-dunk-low-pro-st-patricks-day-2022
302,New Balance 2002R Protection Pack Light Arctic Grey Purple,https://stockx.com/fr-fr/new-balance-2002r-protection-pack-light-arctic-grey-purple
303," Jordan 1 Retro High ""Royal Toe"" ",https://stockx.com/fr-fr/air-jordan-1-retro-high-black-game-royal
304,New Balance 327 WS327 KB (W),https://stockx.com/fr-fr/new-balance-327-ws327-kb-w
305,Nike Dunk Low Retro White Black University Red,https://stockx.com/fr-fr/nike-dunk-low-retro-white-black-university-red
306,Nike Air Force 1 Low SP AMBUSH Phantom,https://stockx.com/fr-fr/nike-air-force-1-low-sp-ambush-phantom
307,adidas Yeezy Boost 700 V2 Static (2018/2022),https://stockx.com/fr-fr/adidas-yeezy-boost-700-v2-static
308,Jordan 2 Retro SP Union Grey Fog,https://stockx.com/fr-fr/air-jordan-2-retro-union-grey-fog
309,adidas Yeezy Boost 700 Analog,https://stockx.com/fr-fr/adidas-yeezy-boost-700-analog
310,Jordan 1 Low Wolf Grey (W),https://stockx.com/fr-fr/air-jordan-1-low-wolf-grey-w
311,Nike LD Waffle sacai Undercover Black Bright Citron,https://stockx.com/fr-fr/nike-ld-waffle-undercover-sacai-bright-citron
312,Nike SB Dunk Low Crushed D.C.,https://stockx.com/fr-fr/nike-sb-dunk-low-crushed-dc
313,Jordan 5 Retro DJ Khaled We The Best Sail,https://stockx.com/fr-fr/air-jordan-5-retro-dj-khaled-we-the-best-sail
314,Nike Air Max 1 PRM Duck Pecan Yellow Ochre,https://stockx.com/fr-fr/nike-air-max-1-prm-duck-pecan
315,Jordan 5 Retro Gore-Tex Off-Noir (W),https://stockx.com/fr-fr/air-jordan-5-retro-gore-tex-off-noir-w
316,Puma LaMelo Ball MB.02 Nickelodeon Slime,https://stockx.com/fr-fr/puma-lamelo-ball-mb02-slime
317,Nike Dunk Low Team Red (2022),https://stockx.com/fr-fr/nike-dunk-low-team-red
318,Jordan 1 Low Bred Toe (GS),https://stockx.com/fr-fr/air-jordan-1-low-bred-toe-gs
319,Jordan 1 Retro High Pollen,https://stockx.com/fr-fr/air-jordan-1-retro-high-pollen
320,Nike Dunk Low Bone Beige (W),https://stockx.com/fr-fr/nike-dunk-low-bone-beige-w
321,Jordan 1 Low Starfish,https://stockx.com/fr-fr/air-jordan-1-low-og-shattered-backboard
322,Nike Air Max 1 Sail Ironstone,https://stockx.com/fr-fr/nike-air-max-1-sail-ironstone
323,Jordan 1 Mid SE Ice Blue (2023),https://stockx.com/fr-fr/air-jordan-1-mid-ice-blue
324,Nike Dunk Low Fossil Rose,https://stockx.com/fr-fr/nike-dunk-low-fossil-rose
325,adidas Yeezy Boost 350 V2 Mono Ice,https://stockx.com/fr-fr/adidas-yeezy-boost-350-v2-mono-ice
326,Jordan 4 Retro University Blue,https://stockx.com/fr-fr/air-jordan-4-retro-university-blue
327,Jordan 4 Retro White Oreo (2021),https://stockx.com/fr-fr/air-jordan-4-retro-white-oreo-2021
328,Nike Dunk Low Wolf Grey Pure Platinum,https://stockx.com/fr-fr/nike-dunk-low-wolf-grey-pure-platinum
329,Jordan 1 Retro High Silver Toe (W),https://stockx.com/fr-fr/air-jordan-1-retro-high-silver-toe-w
330,Jordan 1 Retro High OG Chicago Lost and Found (PS),https://stockx.com/fr-fr/air-jordan-1-retro-high-og-lost-and-found-ps
331,New Balance 327 Moonbeam Classic Burgundy (W),https://stockx.com/fr-fr/new-balance-327-moonbeam-classic-burgundy-w
332,New Balance 327 Black Moonbeam (W),https://stockx.com/fr-fr/new-balance-327-black-moonbeam
333,Puma LaMelo Ball MB.02 Lunar New Year Jade,https://stockx.com/fr-fr/puma-lamelo-ball-mb02-lunar-new-year-jade
334,Hoka One One Tor Ultra Low J.L-A.L_ Dune,https://stockx.com/fr-fr/hoka-one-one-tor-ultra-low-jl-al-dune
335,adidas Yeezy Boost 350 V2 Core Black White (2016/2022),https://stockx.com/fr-fr/adidas-yeezy-boost-350-v2-core-black-white
336,Jordan 4 Retro Infrared (GS),https://stockx.com/fr-fr/air-jordan-4-retro-infrared-gs
337,Nike Air Force 1 Mid Off-White Black,https://stockx.com/fr-fr/nike-air-force-1-mid-off-white-black
338,Jordan 1 Mid Reverse Bred (2021),https://stockx.com/fr-fr/air-jordan-1-mid-reverse-bred-2021
339,Nike Dunk Low UNC (2021),https://stockx.com/fr-fr/nike-dunk-low-unc-2021
340,Jordan 1 Mid SE Light Iron Ore (W),https://stockx.com/fr-fr/air-jordan-1-mid-se-light-iron-ore-w
341,Nike Dunk Low Archeo Pink (W),https://stockx.com/fr-fr/nike-dunk-low-archeo-pink-w
342,Jordan 5 Retro Easter (2022),https://stockx.com/fr-fr/air-jordan-5-retro-regal-pink
343,UGG Tasman II Slipper Chesnut (Kids),https://stockx.com/fr-fr/ugg-tasman-ii-slipper-chesnut-kids
344,Jordan 11 Retro Cherry (2022) (PS),https://stockx.com/fr-fr/air-jordan-11-retro-cherry-2022-ps
345,Nike Air VaporMax Plus White,https://stockx.com/fr-fr/nike-air-vapormax-plus-white
346,New Balance 2002R Protection Pack Black Grey,https://stockx.com/fr-fr/new-balance-2002r-protection-pack-black-grey
347,Nike Dunk Low SE Just Do It White Phantom (W),https://stockx.com/fr-fr/nike-dunk-low-se-just-do-it-white-phantom-w
348,Jordan 13 Retro Playoffs (2023) (PS),https://stockx.com/fr-fr/air-jordan-13-retro-playoffs-2023-ps
349,Nike Dunk Low Racer Blue White,https://stockx.com/fr-fr/nike-dunk-low-racer-blue-white
350,Jordan 1 Mid Light Smoke Grey Anthracite,https://stockx.com/fr-fr/air-jordan-1-mid-light-smoke-grey-anthracite
351,Nike Dunk Low Union Passport Pack Argon,https://stockx.com/fr-fr/nike-dunk-low-union-argon
352,Nike Dunk Low Triple White (2021) (W),https://stockx.com/fr-fr/nike-dunk-low-triple-white-2021-w
353,Jordan 1 Low Bulls,https://stockx.com/fr-fr/air-jordan-1-low-bulls
354,New Balance 2002R Protection Pack Mirage Grey,https://stockx.com/fr-fr/new-balance-2002r-protection-pack-mirage-grey
355,Jordan 11 Retro Cherry (2022) (TD),https://stockx.com/fr-fr/air-jordan-11-retro-cherry-2022-td
356,Jordan 11 Retro Playoffs Bred (2019),https://stockx.com/fr-fr/air-jordan-11-retro-playoffs-2019
357,Jordan 1 Retro High OG Chicago Lost and Found (TD),https://stockx.com/fr-fr/air-jordan-1-retro-high-og-lost-and-found-td
358,Nike Dunk Low Gorge Green,https://stockx.com/fr-fr/nike-dunk-low-gorge-green
359,Nike Air Force 1 Low '07 LV8 40th Anniversary Sail Malachite,https://stockx.com/fr-fr/nike-air-force-1-low-07-lv8-sail-malachite
360,Nike Air Force 1 Low College Pack Midnight Navy,https://stockx.com/fr-fr/nike-air-force-1-low-college-pack-midnight-navy
361,Nike Air Force 1 Low SP Undefeated Multi-Patent Wild Berry,https://stockx.com/fr-fr/nike-air-force-1-low-undefeated-multi-patent-purple-green
362,Jordan 1 Low SE Wear Away Yellow,https://stockx.com/fr-fr/air-jordan-1-low-se-wear-away-yellow
363,New Balance 550 Cream Black,https://stockx.com/fr-fr/new-balance-550-cream-black
364,adidas Yeezy Foam RNNR Ochre,https://stockx.com/fr-fr/adidas-yeezy-foam-rnnr-ochre
365,adidas Yeezy Foam RNNR Sulfur,https://stockx.com/fr-fr/adidas-yeezy-foam-rnnr-sulfur
366,Jordan 11 Retro Cool Grey (2021) (GS),https://stockx.com/fr-fr/air-jordan-11-retro-cool-grey-2021-gs
367,Jordan 5 Retro Moonlight (2021),https://stockx.com/fr-fr/air-jordan-5-retro-moonlight-2021
368,Nike Dunk Low Next Nature Phantom Gold Suede (W),https://stockx.com/fr-fr/nike-dunk-low-next-nature-light-curry-w
369,Nike Dunk Low Disrupt 2 Phantom University Blue (W),https://stockx.com/fr-fr/nike-dunk-low-disrupt-2-malachite-w
370,Jordan 1 Retro High OG Hand Crafted,https://stockx.com/fr-fr/air-jordan-1-retro-high-og-hand-crafted
371,Jordan 1 Retro Low OG Mystic Navy,https://stockx.com/fr-fr/air-jordan-1-retro-low-og-mystic-navy
372,Crocs Classic Clog Cinnamon Toast Crunch,https://stockx.com/fr-fr/crocs-classic-clog-cinnamon-toast-crunch
373,Nike Dunk Low SE Fleece Pack Honeydew (W),https://stockx.com/fr-fr/nike-dunk-low-se-fleece-pack-honeydew-w
374,Nike Hot Step Air Terra Drake NOCTA Black Yellow,https://stockx.com/fr-fr/nike-hot-step-air-terra-drake-nocta-black-university-gold
375,Nike Air Max Terrascape Plus Black Anthracite,https://stockx.com/fr-fr/nike-air-max-terrascape-plus-black-anthracite
376,adidas Superstar AEC Sean Wotherspoon Superearth Black,https://stockx.com/fr-fr/adidas-superstar-sean-wotherspoon-superearth-black
377,Converse Chuck Taylor All-Star 70 Hi Ader Error,https://stockx.com/fr-fr/converse-chuck-taylor-all-star-70-hi-ader-error
378,adidas adiFOM Superstar White Black,https://stockx.com/fr-fr/adidas-adifom-superstar-white-black
379,New Balance 9060 Sea Salt White,https://stockx.com/fr-fr/new-balance-9060-sea-salt-white
380,Nike Vaporwaffle sacai Black Gum,https://stockx.com/fr-fr/nike-vaporwaffle-sacai-black-gum
381,Jordan 5 Retro Jade Horizon,https://stockx.com/fr-fr/air-jordan-5-retro-jade-horizon
382,Nike Dunk Low Chenille Swoosh Black Grey,https://stockx.com/fr-fr/nike-dunk-low-chenille-swoosh-black-grey
383,Jordan 1 Mid SE Multi Color (2022) (W),https://stockx.com/fr-fr/air-jordan-1-mid-multi-color-2022-w
384,Nike Air Max 95 Triple Black (2020),https://stockx.com/fr-fr/nike-air-max-95-triple-black-2020
385,New Balance 327 Sea Salt Black,https://stockx.com/fr-fr/new-balance-327-sea-salt-black
386,Jordan 1 Retro Low OG SP Travis Scott Black Phantom (PS),https://stockx.com/fr-fr/air-jordan-1-retro-low-og-sp-travis-scott-black-phantom-ps
387,New Balance 2002R Protection Pack Lunar New Year Dusty Lilac,https://stockx.com/fr-fr/new-balance-2002r-protection-pack-dusty-lilac
388,New Balance 550 Lunar New Year Sea Salt,https://stockx.com/fr-fr/new-balance-550-lunar-new-year-cream
389,Nike Dunk Low Premium Vast Grey,https://stockx.com/fr-fr/nike-dunk-low-premium-vast-grey
390,Jordan 1 Mid Diamond Shorts (GS),https://stockx.com/fr-fr/air-jordan-1-mid-diamond-shorts-gs
391,Nike Hot Step Air Terra Drake NOCTA Triple Black,https://stockx.com/fr-fr/nike-hot-step-air-terra-drake-nocta-black
392,Jordan 1 Retro High OG Patent Bred (GS),https://stockx.com/fr-fr/air-jordan-1-retro-high-og-patent-bred-gs
393,New Balance 550 White Red,https://stockx.com/fr-fr/new-balance-550-white-red
394,Jordan 4 Retro Black Canvas (GS),https://stockx.com/fr-fr/air-jordan-4-retro-black-canvas-gs
395,Nike Killshot 2 J Crew Sail Midnight Navy,https://stockx.com/fr-fr/nike-killshot-2-j-crew-sail-midnight-navy
396,Jordan 1 Retro High OG Taxi (GS),https://stockx.com/fr-fr/air-jordan-1-retro-high-og-yellow-toe-gs
397,New Balance 530 Steel Grey,https://stockx.com/fr-fr/new-balance-530-steel-grey
398,Nike M2K Tekno Cool White (W),https://stockx.com/fr-fr/nike-m2k-tekno-cool-white-w
399,New Balance 550 Aime Leon Dore White Leather,https://stockx.com/fr-fr/new-balance-550-aime-leon-dore-white-leather
400,Nike Air Max 1 Travis Scott Cactus Jack Wheat Lemon Drop,https://stockx.com/fr-fr/nike-air-max-1-travis-scott-wheat-lemon-drop
401,New Balance 9060 Rain Cloud Grey,https://stockx.com/fr-fr/new-balance-9060-rain-cloud-grey
402,Nike Air Force 1 Low Drake NOCTA Certified Lover Boy (Includes Love You Forever Special Edition Book),https://stockx.com/fr-fr/nike-air-force-1-low-drake-nocta-certified-lover-boy-love-you-forever-edition
403,Jordan 1 Mid Barely Grape (GS),https://stockx.com/fr-fr/air-jordan-1-mid-barely-grape-gs
404,adidas Campus Bad Bunny Cream,https://stockx.com/fr-fr/adidas-campus-bad-bunny-cream
405,adidas Yeezy Boost 350 V2 Light,https://stockx.com/fr-fr/adidas-yeezy-boost-350-v2-light
406,adidas Yeezy Boost 350 V2 MX Oat,https://stockx.com/fr-fr/adidas-yeezy-boost-350-v2-mx-oat
407,Jordan 5 Retro Low CLOT Jade,https://stockx.com/fr-fr/air-jordan-5-retro-low-clot-jade
408,Nike Dunk Low Essential Paisley Pack Orange (W),https://stockx.com/fr-fr/nike-dunk-low-essential-paisley-pack-orange
409,Nike Air Max Correlate Black White Grey,https://stockx.com/fr-fr/nike-air-max-correlate-black-white-grey
410,Jordan 1 Retro High OG Visionaire,https://stockx.com/fr-fr/air-jordan-1-retro-high-og-visionaire
411,adidas Yeezy 500 Clay Brown,https://stockx.com/fr-fr/adidas-yeezy-500-clay-brown
412,Nike Air Max 1 PRM Dirty Denim,https://stockx.com/fr-fr/nike-air-max-1-prm-mineral-slate
413,Nike Air Max 270 White Black (W),https://stockx.com/fr-fr/nike-air-max-270-white-black-w
414,Nike Kyrie Flytrap V Wolf Grey,https://stockx.com/fr-fr/nike-kyrie-flytrap-v-wolf-grey
415,Jordan 15 Retro Billie Eilish (W),https://stockx.com/fr-fr/air-jordan-15-retro-billie-eilish-w
416,Jordan 1 Mid SE Orange Wear Away,https://stockx.com/fr-fr/air-jordan-1-mid-se-orange-wear-away
417,adidas Yeezy Slide Slate Grey,https://stockx.com/fr-fr/adidas-yeezy-slide-slate-grey
418,Nike KD 15 All-Star,https://stockx.com/fr-fr/nike-kd-15-all-star
419,Nike Dunk Low Chlorophyll,https://stockx.com/fr-fr/nike-dunk-low-chlorophyll
420,Jordan 3 Retro Desert Elephant,https://stockx.com/fr-fr/air-jordan-3-retro-desert-elephant
421,Jordan 4 Retro Lightning (2021) (GS),https://stockx.com/fr-fr/air-jordan-4-retro-lightning-2021-gs
422,Jordan 1 Low SE Homage Split White Black (W),https://stockx.com/fr-fr/air-jordan-1-low-se-homage-white-black-w
423,adidas Yeezy Boost 350 V2 Zyon,https://stockx.com/fr-fr/adidas-yeezy-boost-350-v2-zyon
424,Jordan 4 Retro Military Black (PS),https://stockx.com/fr-fr/air-jordan-4-retro-military-black-ps
425," Jordan 1 Retro High ""Light Smoke Grey"" ",https://stockx.com/fr-fr/air-jordan-1-retro-high-light-smoke-grey
426,adidas Yeezy 350 V2 CMPCT Slate Bone,https://stockx.com/fr-fr/adidas-yeezy-350-v2-cmpct-slate-bone
427,adidas Yeezy Boost 350 V2 Flax,https://stockx.com/fr-fr/adidas-yeezy-boost-350-v2-flax
428,Jordan 1 Low Black Dark Powder Blue (W),https://stockx.com/fr-fr/air-jordan-1-low-white-black-dark-powder-blue-w
429,Air Jordan 1 Mid Tartan Swoosh,https://stockx.com/fr-fr/air-air-jordan-1-mid-tartan-swoosh
430,Jordan 4 Retro SP 30th Anniversary Union Desert Moss,https://stockx.com/fr-fr/air-jordan-4-retro-sp-30th-anniversary-union-desert-moss
431,Nike Air Max 90 Recraft Triple White,https://stockx.com/fr-fr/nike-air-max-90-recraft-triple-white
432,New Balance 550 Vintage Indigo Beige,https://stockx.com/fr-fr/new-balance-550-vintage-indigo-beige
433,Nike LeBron 20 The Debut,https://stockx.com/fr-fr/nike-lebron-20-the-debut
434,Jordan 7 Retro Black Olive,https://stockx.com/fr-fr/air-jordan-7-retro-black-olive
435,New Balance 9060 Rich Oak Burgundy,https://stockx.com/fr-fr/new-balance-9060-rich-oak-burgundy
436,Nike Air Dunk Jumbo Medium Olive,https://stockx.com/fr-fr/nike-air-dunk-jumbo-medium-olive
437,ASICS Gel-Lyte III Remastered Ronnie Fieg Super Orange,https://stockx.com/fr-fr/asics-gel-lyte-iii-remastered-ronnie-fieg-super-orange
438,adidas Yeezy Boost 350 V2 Dazzling Blue,https://stockx.com/fr-fr/adidas-yeezy-boost-350-v2-dazzling-blue
439,adidas Yeezy Boost 350 V2 Salt,https://stockx.com/fr-fr/adidas-yeezy-boost-350-v2-salt
440,Nike SB Dunk Low Blue Raspberry,https://stockx.com/fr-fr/nike-sb-dunk-low-blue-raspberry
441,Nike Air Max 1 Crepe Hemp (2022),https://stockx.com/fr-fr/nike-air-max-1-crepe-medium-brown-mint-foam-mushroom-muslin
442,Jordan 1 Retro High Tokyo Bio Hack,https://stockx.com/fr-fr/air-jordan-1-retro-high-bio-hack
443,Jordan 3 Retro Winterized Archaeo Brown,https://stockx.com/fr-fr/jodan-3-retro-winterized-archaeo-brown
444,Nike Dunk Low Disrupt 2 Panda (W),https://stockx.com/fr-fr/nike-dunk-low-disrupt-2-panda-w
445,Jordan 11 Retro Concord (2018),https://stockx.com/fr-fr/air-jordan-11-retro-concord-2018
446,Jordan 7 Retro Cardinal (2022),https://stockx.com/fr-fr/air-jordan-7-retro-cardinal-2022
447,Nike Air Max Plus Black Silver White,https://stockx.com/fr-fr/nike-air-max-plus-black-silver-white
448,Nike Dunk Low Tartan Plaid,https://stockx.com/fr-fr/nike-dunk-low-tartan-plaid
449,Nike PG 6 Bred,https://stockx.com/fr-fr/nike-pg-6-bred
450,New Balance 550 White Black Rain Cloud (GS),https://stockx.com/fr-fr/new-balance-550-white-black-rain-cloud-gs
451,Jordan 1 Mid Armory Navy,https://stockx.com/fr-fr/air-jordan-1-mid-dark-teal
452,Jordan 1 Mid SE Light Mulberry (W),https://stockx.com/fr-fr/air-jordan-1-mid-berry-pink-w
453,Jordan 1 High Element Gore-Tex Light Bone,https://stockx.com/fr-fr/air-jordan-1-high-element-gore-tex-light-bone
454,Nike Dunk Low Light Smoke Grey (W),https://stockx.com/fr-fr/nike-dunk-low-light-smoke-grey-w
455,Jordan 1 Low Football Grey Aluminum (W),https://stockx.com/fr-fr/air-jordan-1-low-university-blue-w
456,Nike Air Force 1 Low LE Triple White (GS),https://stockx.com/fr-fr/nike-air-force-1-low-le-triple-white-gs
457,Jordan 11 Retro Low Legend Blue,https://stockx.com/fr-fr/air-jordan-11-retro-low-legend-blue
458," Jordan 1 Retro High ""Court Purple White"" ",https://stockx.com/fr-fr/air-jordan-1-retro-high-court-purple-white
459,adidas Yeezy 500 Utility Black,https://stockx.com/fr-fr/adidas-yeezy-500-utility-black
460,Nike Dunk Low Dark Driftwood (W),https://stockx.com/fr-fr/nike-dunk-low-dark-driftwood-w
461,New Balance 990v3 JJJJound Brown Black,https://stockx.com/fr-fr/new-balance-990v3-jjjjound-brown-black
462,Jordan 1 Retro Low Golf Shattered Backboard,https://stockx.com/fr-fr/air-jordan-1-retro-low-golf-shattered-backboard
463,Jordan 1 Low SE Smoke Grey Gym Red (GS),https://stockx.com/fr-fr/air-jordan-1-low-se-smoke-grey-gym-red-gs
464,Nike Air Max 90 Terrascape Crater Foam Black White,https://stockx.com/fr-fr/nike-air-max-90-terrascape-crater-foam-black-white
465,Jordan 1 Retro Low Golf Copa,https://stockx.com/fr-fr/air-jordan-1-retro-low-golf-copa
466,Nike Air Max Penny 1 Rattan,https://stockx.com/fr-fr/nike-air-max-penny-1-rattan
467,Jordan 1 Mid SE Ice Blue (W),https://stockx.com/fr-fr/air-jordan-1-mid-se-ice-blue-w
468,Nike Dunk Low Active Fuchsia (PS),https://stockx.com/fr-fr/nike-dunk-low-active-fuchsia-ps
469,Jordan 9 Retro Chile Red,https://stockx.com/fr-fr/air-jordan-9-retro-chile-red
470,Nike Dunk High Championship White Red,https://stockx.com/fr-fr/nike-dunk-high-university-red
471,Jordan 13 Retro Brave Blue,https://stockx.com/fr-fr/air-jordan-13-retro-brave-blue
472,Nike Blazer Low Off-White Black Electro Green,https://stockx.com/fr-fr/nike-blazer-low-77-off-white-electro-green
473,Nike Dunk Low Reverse Panda,https://stockx.com/fr-fr/nike-dunk-low-reverse-panda
474,Jordan 1 Mid Carbon Fiber All-Star (2021),https://stockx.com/fr-fr/air-jordan-1-mid-carbon-fiber
475,Jordan 6 Retro Travis Scott British Khaki,https://stockx.com/fr-fr/air-jordan-6-retro-travis-scott-british-khaki
476,Nike Air Max 2017 Triple Black,https://stockx.com/fr-fr/nike-air-max-2017-triple-black
477,Nike Air Max 270 Triple Black,https://stockx.com/fr-fr/nike-air-max-270-triple-black
478,Jordan 1 Low Ice Blue Black (GS),https://stockx.com/fr-fr/air-jordan-1-low-ice-blue-black-gs
479,Jordan 9 Retro Boot NRG Black Light Gum,https://stockx.com/fr-fr/air-jordan-9-retro-boot-black-gum
480,Nike Dunk Low SE 85 Double Swoosh Sail Orange (W),https://stockx.com/fr-fr/nike-dunk-low-se-85-double-swoosh-sail-orange-w
481,Jordan 5 Retro DJ Khaled We The Best Crimson Bliss (GS),https://stockx.com/fr-fr/air-jordan-5-retro-dj-khaled-we-the-best-crimson-bliss-gs
482,Jordan 1 Retro High OG Gorge Green (GS),https://stockx.com/fr-fr/air-jordan-1-retro-high-og-gorge-green-white-gs
483,Jordan 1 Low Reverse Black Toe (W),https://stockx.com/fr-fr/air-jordan-1-low-reverse-black-toe-w
484,Jordan 1 Low Bordeaux (GS),https://stockx.com/fr-fr/air-jordan-1-low-bordeaux-gs
485,Nike Air More Uptempo 96 Action Grape,https://stockx.com/fr-fr/nike-air-more-uptempo-action-grape
486,Nike Air Dunk Jumbo Mint Foam,https://stockx.com/fr-fr/nike-air-dunk-jumbo-mint-foam
487,adidas Gazelle Bold Pulse Mint Pink (W),https://stockx.com/fr-fr/adidas-gazelle-bold-pulse-mint-pink-w
488,Nike Blazer Low Off-White University Red,https://stockx.com/fr-fr/nike-blazer-low-off-white-university-red
489,Jordan 1 Retro Low Golf Chicago,https://stockx.com/fr-fr/air-jordan-1-retro-low-golf-chicago
490,Nike Air Trainer 1 SP Travis Scott Wheat,https://stockx.com/fr-fr/nike-air-trainer-1-sp-travis-scott-wheat
491,Jordan 4 Retro Fire Red (2020),https://stockx.com/fr-fr/air-jordan-4-retro-fire-red-2020
492," adidas Yeezy Boost 350 V2 ""Carbon"" ",https://stockx.com/fr-fr/adidas-yeezy-boost-350-v2-carbon
493,Nike Zoom Cortez SP sacai White University Red Blue,https://stockx.com/fr-fr/nike-cortez-40-sacai-white-university-red-blue
494,Jordan 3 Retro Dark Iris (GS),https://stockx.com/fr-fr/air-jordan-3-retro-dark-iris-gs
495,Nike Blazer Low Sacai Black Patent Leather,https://stockx.com/fr-fr/nike-blazer-low-sacai-black-patent
496," Jordan 1 Retro High ""Black Metallic Gold (2020)"" ",https://stockx.com/fr-fr/air-jordan-1-retro-high-black-metallic-gold-2020
497,Nike Air Max 1 Patta Waves White,https://stockx.com/fr-fr/nike-air-max-1-patta-waves-white
498,Nike Blazer Mid 77 Jumbo White Black,https://stockx.com/fr-fr/nike-blazer-mid-77-jumbo-white-black
499,adidas Yeezy Boost 700 V2 Vanta,https://stockx.com/fr-fr/adidas-yeezy-boost-700-v2-vanta
500,Jordan 2 Retro SP Maison Chateau Rouge,https://stockx.com/fr-fr/air-jordan-2-retro-maison-chateau-rouge
501,Common Projects Original Achilles White,https://stockx.com/fr-fr/common-projects-original-achilles-white
502,Nike Dunk Low Retro Reverse Panda,https://stockx.com/fr-fr/nike-dunk-low-retro-reverse-panda
503,Jordan 1 Low OG Neutral Grey (2021),https://stockx.com/fr-fr/air-jordan-1-low-og-neutral-grey
504,Jordan 1 Mid Triple White (GS),https://stockx.com/fr-fr/air-jordan-1-mid-triple-white-gs
505,Jordan 7 Retro Trophy Room New Sheriff in Town,https://stockx.com/fr-fr/air-jordan-7-retro-trophy-room
506,Jordan 1 Retro High Satin Snake Chicago (W),https://stockx.com/fr-fr/air-jordan-1-retro-high-satin-snake-chicago-w
507,Nike PG 6 Hot Wheels,https://stockx.com/fr-fr/nike-pg-6-hot-wheels
508,Jordan 1 Retro AJKO Billie Eilish Ghost Green (W),https://stockx.com/fr-fr/air-jordan-1-retro-ajko-billie-eilish-ghost-green-w
509,Jordan 1 Low Reverse Bred (GS),https://stockx.com/fr-fr/air-jordan-1-low-reverse-bred-gs
510,New Balance 9060 Black Castlerock Grey,https://stockx.com/fr-fr/new-balance-9060-black-castlerock-grey
511,New Balance 990v2 Salehe Bembury Sand Be The Time,https://stockx.com/fr-fr/new-balance-990v2-salehe-bembury-sand-be-the-time
512,Jordan 5 Retro Dunk on Mars (W),https://stockx.com/fr-fr/air-jordan-5-retro-dunk-on-mars-w
513,Air Jordan 1 Low SE Pink Velvet (W),https://stockx.com/fr-fr/air-air-jordan-1-low-se-pink-velvet-w
514,New Balance 550 Pink Sand Sea Salt (W),https://stockx.com/fr-fr/new-balance-550-pink-sand-sea-salt-w
515,New Balance 1906D Protection Pack Black,https://stockx.com/fr-fr/new-balance-1906d-protection-pack-black
516,Jordan 1 Retro Low OG Year of the Rabbit,https://stockx.com/fr-fr/air-jordan-1-retro-low-og-year-of-the-rabbit
517,Nike Air Max Plus Baltic Blue,https://stockx.com/fr-fr/nike-air-max-plus-baltic-blue
518,Crocs Classic Clog Minecraft Grass Block,https://stockx.com/fr-fr/crocs-classic-clog-minecraft-grass-block
519,Jordan 3 Retro Muslin,https://stockx.com/fr-fr/air-jordan-3-retro-muslin
520,Nike Dunk Low PRM Halloween (2021),https://stockx.com/fr-fr/nike-dunk-low-prm-halloween-2021
521,Nike Air Presto Hello Kitty (2022),https://stockx.com/fr-fr/nike-air-presto-hello-kitty-2022
522,Jordan 1 Mid Coconut Milk (W),https://stockx.com/fr-fr/air-jordan-1-mid-coconut-milk-w
523,Nike Air Force 1 Mid Off-White White,https://stockx.com/fr-fr/nike-air-force-1-mid-off-white-white
524,Jordan 7 Retro Citrus (2022),https://stockx.com/fr-fr/air-jordan-7-retro-citrus-2022
525,Nike Air Trainer 1 SP Travis Scott Grey Haze,https://stockx.com/fr-fr/nike-air-trainer-1-sp-travis-scott-grey-haze
526,Jordan 1 Mid Gym Red Black White,https://stockx.com/fr-fr/air-jordan-1-mid-gym-red-black-white
527,Nike Dunk Low Jackie Robinson,https://stockx.com/fr-fr/nike-dunk-low-jackie-robinson
528,Nike Air Max 270 White Black,https://stockx.com/fr-fr/nike-air-max-270-white-black
529,adidas Yeezy Boost 350 V2 Hyperspace,https://stockx.com/fr-fr/adidas-yeezy-boost-350-v2-hyperspace
530,Crocs Pollex Clog by Salehe Bembury Cobbler,https://stockx.com/fr-fr/crocs-pollex-clog-by-salehe-bembury-orange
531,Jordan 1 Mid SE Zen Master (GS),https://stockx.com/fr-fr/air-jordan-1-mid-se-zen-master-gs
532,UGG Classic Mini II Boot Chestnut (W),https://stockx.com/fr-fr/ugg-classic-mini-ii-boot-chestnut-w
533,Nike LD Waffle SF sacai Fragment Grey,https://stockx.com/fr-fr/nike-ld-waffle-sf-sacai-fragment-grey
534,"Timberland 6"" Premium Waterproof Boot Wheat",https://stockx.com/fr-fr/timberland-6-inch-premium-waterproof-wheat
535,adidas Yeezy 700 V3 Fade Salt,https://stockx.com/fr-fr/adidas-yeezy-700-v3-fade-salt
536,Nike SB Dunk Low Skate Like a Girl,https://stockx.com/fr-fr/nike-sb-dunk-low-skate-like-a-girl
537,Nike Kobe 6 Protro Grinch (2020),https://stockx.com/fr-fr/nike-kobe-6-protro-grinch
538,Jordan 6 Retro Black Infrared (2019),https://stockx.com/fr-fr/air-jordan-6-retro-black-infrared-2019
539,Jordan 5 Retro Alternate Bel-Air,https://stockx.com/fr-fr/air-jordan-5-retro-alternate-bel-air
540,Nike Dunk Low SE Teddy Bear Praline,https://stockx.com/fr-fr/nike-dunk-low-se-teddy-bear-parline
541,Jordan 1 High Zoom Air CMFT 25 Years In China,https://stockx.com/fr-fr/air-jordan-1-high-zoom-air-cmft-25-years-in-china
542,New Balance 550 White Black Rain Cloud,https://stockx.com/fr-fr/new-balance-550-white-black-rain-cloud
543,Jordan 1 Low SE Holiday Special (2022),https://stockx.com/fr-fr/air-jordan-1-low-se-holiday-special-2022
544,Nike Dunk Low Terry Swoosh (W),https://stockx.com/fr-fr/nike-dunk-low-terry-swoosh-w
545,Jordan 1 Retro High OG SP Travis Scott,https://stockx.com/fr-fr/air-jordan-1-retro-high-travis-scott
546,Jordan 4 Retro Off-White Sail (W),https://stockx.com/fr-fr/air-jordan-4-retro-off-white-sail-w
547,Puma LaMelo Ball MB.01 Lo Green Gecko,https://stockx.com/fr-fr/puma-lamelo-ball-mb01-lo-green-gecko
548,Nike Zoom Vomero 5 Oatmeal (W),https://stockx.com/fr-fr/nike-zoom-vomero-5-oatmeal-w
549,New Balance 9060 Ivory Cream Pink Sand,https://stockx.com/fr-fr/new-balance-9060-ivory-cream-pink-sand
550,Nike Zoom Vomero 5 Cobblestone Flat Pewter (W),https://stockx.com/fr-fr/nike-zoom-vomero-5-cobblestone-w
551,Jordan 2 Retro Craft Sunset Haze (W),https://stockx.com/fr-fr/air-jordan-2-retro-craft-muslin-w
552,Jordan 1 Mid Shadow Red,https://stockx.com/fr-fr/air-jordan-1-mid-shadow-red
553,Nike Air Max 90 Terrascape Sail Sea Glass,https://stockx.com/fr-fr/nike-air-max-90-terrascape-sail-sea-glass
554,Nike Dunk Low EMB NBA 75th Anniversary Chicago (GS),https://stockx.com/fr-fr/nike-dunk-low-emb-nba-75th-anniversary-chicago-gs
555,adidas Yeezy Boost 350 Turtledove (2022),https://stockx.com/fr-fr/adidas-yeezy-boost-350-turtle-dove-2022
556,Nike Air Max 1 SH Treeline,https://stockx.com/fr-fr/nike-air-max-1-sh-skunk
557,adidas Yeezy Boost 350 V2 Sesame,https://stockx.com/fr-fr/adidas-yeezy-boost-350-v2-sesame
558,adidas Yeezy 450 Utility Black,https://stockx.com/fr-fr/adidas-yeezy-450-utility-black
559,Nike Dunk Low Michigan State,https://stockx.com/fr-fr/nike-dunk-low-varsity-green
560,Nike Dunk Low Triple Pink (PS),https://stockx.com/fr-fr/nike-dunk-low-triple-pink-ps
561,Jordan 9 Retro Chile Red (GS),https://stockx.com/fr-fr/air-jordan-9-retro-chile-red-gs
562,Nike LeBron 20 Time Machine,https://stockx.com/fr-fr/nike-lebron-20-time-machine
563,adidas Adilette 22 Slides Carbon,https://stockx.com/fr-fr/adidas-adilette-22-slides-black
564,New Balance 550 White Grey (GS),https://stockx.com/fr-fr/new-balance-550-white-grey-gs
565,Nike Dunk Low Michigan (2021),https://stockx.com/fr-fr/nike-dunk-low-michigan
566,Jordan 1 Mid Alternate Bred Toe (W),https://stockx.com/fr-fr/air-jordan-1-mid-alternate-bred-toe-w
567,Jordan 11 Retro Animal Instinct (W),https://stockx.com/fr-fr/air-jordan-11-retro-animal-instinct-w
568,Jordan 1 Mid French Blue Fire Red,https://stockx.com/fr-fr/air-jordan-1-mid-french-blue-fire-red
569,adidas Yeezy Boost 350 V2 Black (Non-Reflective),https://stockx.com/fr-fr/adidas-yeezy-boost-350-v2-black
570,Air Jordan 1 Low Vintage Stealth Grey,https://stockx.com/fr-fr/air-air-jordan-1-low-vintage-grey
571,Jordan 4 Retro Golf Bred,https://stockx.com/fr-fr/air-jordan-4-retro-golf-bred
572,Jordan 1 Retro High NC to Chi Leather (W),https://stockx.com/fr-fr/air-jordan-1-retro-high-unc-chicago-leather-w
573,Jordan 5 Retro Off-White Sail,https://stockx.com/fr-fr/air-jordan-5-retro-off-white-sail
574,adidas Ultra Boost 5.0 DNA Triple Black,https://stockx.com/fr-fr/adidas-ultra-boost-50-dna-triple-black
575,Jordan 4 Retro Black Cat (2020),https://stockx.com/fr-fr/air-jordan-4-retro-black-cat-2020
576,Nike Zoom Cortez SP sacai Iron Grey,https://stockx.com/fr-fr/nike-cortez-40-sacai-grey
577,Nike Air Max BW OG Persian Violet (2021),https://stockx.com/fr-fr/nike-air-max-bw-persian-violet-2021
578,Nike Air Force 1 Low Premium Goods The Sophia (W),https://stockx.com/fr-fr/nike-air-force-1-low-premium-goods-the-sophia
579,New Balance 1906D Protection Pack Turtledove,https://stockx.com/fr-fr/new-balance-1906d-protection-pack-turtledove
580,ASICS Gel-Kayano 14 White Pure Silver,https://stockx.com/fr-fr/asics-gel-kayano-14-white-pure-silver
581,Nike Air Max Penny 1 Black Faded Spruce Anthracite Dark Pony,https://stockx.com/fr-fr/nike-air-max-penny-1-black-faded-spruce-anthracite-dark-pony
582,Nike Air Max 90 White University Blue (2022),https://stockx.com/fr-fr/nike-air-max-90-white-university-blue-2022
583,Nike KD 15 Olympics Gold Medal,https://stockx.com/fr-fr/nike-kd-15-olympics-gold-medal
584,Jordan 2 Retro Lucky Green (GS),https://stockx.com/fr-fr/air-jordan-2-retro-lucky-green-gs
585,New Balance 530 Grey Matter Harbor Grey,https://stockx.com/fr-fr/new-balance-530-grey-matter-harbor-grey
586,Nike Air More Uptempo 96 Cobalt Bliss,https://stockx.com/fr-fr/nike-air-more-uptempo-96-cobalt-bliss
587,Nike Dunk Low Two Tone Grey,https://stockx.com/fr-fr/nike-dunk-low-two-tone-grey
588,Nike SB Dunk Low Pro Bart Simpson,https://stockx.com/fr-fr/nike-sb-dunk-low-pro-bart-simpson
589,Jordan 11 Retro Low Pure Violet (W),https://stockx.com/fr-fr/air-jordan-11-retro-low-pure-violet-w
590,Jordan 1 Retro Low Golf UNC,https://stockx.com/fr-fr/air-jordan-1-retro-low-golf-unc
591,Nike SB Dunk Low Pro Paisley Brown,https://stockx.com/fr-fr/nike-sb-dunk-low-pro-paisley-brown
592,adidas Ultra Boost 4.0 DNA White,https://stockx.com/fr-fr/adidas-ultra-boost-40-dna-white
593,Jordan 4 Retro Red Thunder (GS),https://stockx.com/fr-fr/air-jordan-4-retro-red-thunder-gs
594,Nike Dunk Low SE World Champs Black White,https://stockx.com/fr-fr/nike-dunk-low-world-champs-black-white
595,Jordan 1 Retro High 85 Georgetown,https://stockx.com/fr-fr/air-jordan-1-retro-high-85-georgetown
596,adidas Yeezy Foam RNNR Vermillion,https://stockx.com/fr-fr/adidas-yeezy-foam-rnnr-vermillion
597,Nike Air Max 1 Premium Blueprint,https://stockx.com/fr-fr/nike-air-max-1-premium-blueprint
598,Jordan 3 Retro Racer Blue,https://stockx.com/fr-fr/air-jordan-3-retro-racer-blue
599,Jordan 1 Retro High Element Gore-Tex Black Particle Grey,https://stockx.com/fr-fr/air-jordan-1-retro-high-element-gore-tex
600,Jordan 1 Mid Triple Black,https://stockx.com/fr-fr/air-jordan-1-mid-triple-black
601,Jordan 2 Retro SP Union Rattan,https://stockx.com/fr-fr/air-jordan-2-retro-union-rattan
602,Nike Dunk Low Magma Orange (W),https://stockx.com/fr-fr/nike-dunk-low-magma-orange-w
603,New Balance 550 White Nightwatch Green,https://stockx.com/fr-fr/new-balance-550-white-nightwatch-green
604,Jordan 4 Retro Bred (2019),https://stockx.com/fr-fr/air-jordan-4-retro-bred-2019
605,New Balance 2002R Protection Pack Pink,https://stockx.com/fr-fr/new-balance-2002r-protection-pack-pink
606,Jordan 1 Mid SE Particle Grey (W),https://stockx.com/fr-fr/air-jordan-1-mid-se-particle-grey-w
607,Nike Air Max 97 Black White Anthricite,https://stockx.com/fr-fr/nike-air-max-97-black-white-anthricite
608,Nike Dunk Low Undefeated 5 On It Dunk vs. AF1,https://stockx.com/fr-fr/nike-dunk-low-undefeated-dunk-vs-af1
609,adidas Yeezy Boost 350 V2 Cinder,https://stockx.com/fr-fr/adidas-yeezy-boost-350-v2-cinder
610,New Balance 9060 Sea Salt,https://stockx.com/fr-fr/new-balance-9060-sea-salt
611,adidas Handball Spezial Black Gum,https://stockx.com/fr-fr/adidas-handball-spezial-black-gum
612,Nike Air Force 1 Low LXX Vachetta Tan Flax (W),https://stockx.com/fr-fr/nike-air-force-1-low-lxx-vachetta-tan-w
613,"Nike Air Force 1 Low '07 Feel Free, Let’s Talk",https://stockx.com/fr-fr/nike-air-force-1-low-07-feel-free-lets-talk
614,Jordan 11 Retro Low IE Light Orewood Brown,https://stockx.com/fr-fr/air-jordan-11-retro-low-ie-light-orewood-brown
615,Jordan 1 Elevate Low SE Silver Toe (W),https://stockx.com/fr-fr/air-jordan-1-elevate-low-se-silver-toe-w
616,adidas Samba ADV Black Gum,https://stockx.com/fr-fr/adidas-samba-adv-black-gum
617,Jordan 1 Mid True Blue Cement (GS),https://stockx.com/fr-fr/air-jordan-1-mid-true-blue-cement-gs
618,Nike Dunk High LXX Black Flax (W),https://stockx.com/fr-fr/nike-dunk-high-lxx-black-flax-w
619,Nike Air Max Plus Black University Blue (2022),https://stockx.com/fr-fr/nike-air-max-plus-black-university-blue-2022
620,Jordan 1 Low True Blue (GS),https://stockx.com/fr-fr/air-jordan-1-low-true-blue-gs
621,Nike Dunk Low Judge Grey,https://stockx.com/fr-fr/nike-dunk-low-judge-grey
622,Jordan 1 Low Shadow Toe (GS),https://stockx.com/fr-fr/air-jordan-1-low-shadow-toe-gs
623,Nike Air Max 1 SP Concepts Mellow,https://stockx.com/fr-fr/nike-air-max-1-sp-concepts-denim-olive-canvas
624,Nike Dunk Low Black White (2022),https://stockx.com/fr-fr/nike-dunk-low-black-white-2022
625,Jordan 1 Low Black University Blue White (W),https://stockx.com/fr-fr/air-jordan-1-low-black-university-blue-white-w
626,Jordan 13 Retro Court Purple,https://stockx.com/fr-fr/air-jordan-13-retro-court-purple
627,Converse Chuck Taylor All-Star 70 Hi Comme des Garcons PLAY White,https://stockx.com/fr-fr/converse-chuck-taylor-all-star-70s-hi-comme-des-garcons-play-white
628,Jordan 1 Mid Light Smoke Grey (GS),https://stockx.com/fr-fr/air-jordan-1-mid-greyscale-gs
629,Jordan 1 Low Tie-Dye,https://stockx.com/fr-fr/air-jordan-1-low-tie-dye
630,Jordan 1 Mid SE Elephant Print,https://stockx.com/fr-fr/air-jordan-1-mid-elephant-print
631,Nike Air Max 1 Patta Waves Noise Aqua (with Bracelet),https://stockx.com/fr-fr/nike-air-max-1-patta-waves-noise-aqua-with-bracelet
632,adidas Yeezy Boost 380 Onyx,https://stockx.com/fr-fr/adidas-yeezy-boost-380-onyx
633,adidas Yeezy Boost 350 V2 Mono Mist,https://stockx.com/fr-fr/adidas-yeezy-boost-350-v2-mono-mist
634," Jordan 1 Low ""Eastside Golf Out of the Mud"" ",https://stockx.com/fr-fr/air-jordan-1-low-eastside-golf-out-of-the-mud
635,Nike Air Max 95 Dark Beetroot,https://stockx.com/fr-fr/nike-air-max-95-dark-beetroot
636,adidas NMD R1 Primeblue Triple Black,https://stockx.com/fr-fr/adidas-nmd-r1-primeblue-triple-black
637," Jordan 3 Retro ""Black Cement Gold (W)"" ",https://stockx.com/fr-fr/air-jordan-3-retro-black-cement-gold-w
638,New Balance 550 Sea Salt Macadamia Nut (W),https://stockx.com/fr-fr/new-balance-550-sea-salt-macadamia-nut-w
639,Jordan 9 Retro Fire Red (GS),https://stockx.com/fr-fr/air-jordan-9-retro-fire-red-gs
640,adidas Sambarose White Black Gum (W),https://stockx.com/fr-fr/adidas-sambarose-white-black-gum-w
641,Jordan 1 Mid Cherrywood Red,https://stockx.com/fr-fr/air-jordan-1-mid-team-red
642,Nike LeBron 20 Stocking Stuffer,https://stockx.com/fr-fr/nike-lebron-20-christmas
643,Nike Dunk Low Retro PRM Year of the Rabbit Fossil Stone (2023),https://stockx.com/fr-fr/nike-dunk-low-retro-prm-year-of-the-rabbit-mocha-brown
644,Air Max 95 Anatomy of Air GID,https://stockx.com/fr-fr/air-max-95-anatomy-of-air-gid
645,Jordan 1 Low Dark Concord,https://stockx.com/fr-fr/air-jordan-1-low-dark-concord
646,Nike Dunk Low Ocean Bliss Citron Tint (W),https://stockx.com/fr-fr/nike-dunk-low-ocean-bliss-citron-tint
647,New Balance 9060 Truffle Rich Earth Magnet,https://stockx.com/fr-fr/new-balance-9060-truffle-rich-earth-magnet
648,Nike Dunk Low Black Panda 2.0,https://stockx.com/fr-fr/nike-dunk-low-black-panda-20
649,adidas Gazelle Indoor Blue Fusion Gum (W),https://stockx.com/fr-fr/adidas-gazelle-indoor-blue-fusion-gum-w
650,Jordan 1 Retro Low Golf Noble Green,https://stockx.com/fr-fr/air-jordan-1-retro-low-golf-noble-green
651,Nike SB Dunk Low Philadelphia Phillies,https://stockx.com/fr-fr/nike-sb-dunk-low-valour-blue-team-maroon
652,Jordan 1 Mid UNC (2022) (W),https://stockx.com/fr-fr/air-jordan-1-mid-unc-2022-w
653,Nike Dunk Low Chlorophyll (GS),https://stockx.com/fr-fr/nike-dunk-low-chlorophyll-gs
654,Jordan 1 Mid SE Zen Master,https://stockx.com/fr-fr/air-jordan-1-mid-se-zen-master
655,Nike Dunk Low Next Nature Lilac (W),https://stockx.com/fr-fr/nike-dunk-low-next-nature-lilac-w
656,adidas Yeezy Boost 350 V2 Mono Cinder,https://stockx.com/fr-fr/adidas-yeezy-boost-350-v2-mono-cinder
657,Nike Air Max 90 Terrascape Rattan Black,https://stockx.com/fr-fr/nike-air-max-90-terrascape-rattan-black
658,Jordan 2 Retro A Ma Maniére Airness,https://stockx.com/fr-fr/air-jordan-2-retro-a-ma-maniere
659,Jordan 1 Retro High OG Seafoam (W),https://stockx.com/fr-fr/air-jordan-1-high-og-seafoam-w
660,Nike KD 14 Aunt Pearl,https://stockx.com/fr-fr/nike-kd-14-aunt-pearl
661,Jordan 1 Mid Barely Rose (W),https://stockx.com/fr-fr/air-jordan-1-mid-barely-rose-w
662,Nike SB Dunk Low Mummy,https://stockx.com/fr-fr/nike-dunk-sb-low-mummy
663,Jordan 5 Retro Low PSG (2022),https://stockx.com/fr-fr/air-jordan-5-retro-low-psg-2022
664,Jordan 1 Retro High Court Purple (W),https://stockx.com/fr-fr/air-jordan-1-retro-high-court-purple-w
665,New Balance 550 Salt and Pepper,https://stockx.com/fr-fr/new-balance-550-salt-and-papper
666,adidas adiFOM Q Off White,https://stockx.com/fr-fr/adidas-adifom-q-off-white
667,Nike LeBron 20 Miami Heat,https://stockx.com/fr-fr/nike-lebron-20-miami-heat
668,Jordan 1 Low SE New Emerald,https://stockx.com/fr-fr/air-jordan-1-low-se-new-emerald
669,Nike PG 6 Black Mint,https://stockx.com/fr-fr/nike-pg-6-black-mint
670,Nike Kyrie Low 5 Nets,https://stockx.com/fr-fr/nike-kyrie-low-5-nets
671,Jordan 1 Retro High Tokyo Bio Hack (GS),https://stockx.com/fr-fr/air-jordan-1-retro-high-bio-hack-gs
672,Nike Dunk High Chocolate,https://stockx.com/fr-fr/nike-dunk-high-chocolate
673,Nike Air Max 1 PRM Duck Honey Dew,https://stockx.com/fr-fr/nike-air-max-1-prm-duck-anthracite
674,UGG Classic Ultra Mini Brown Driftwood (W),https://stockx.com/fr-fr/ugg-classic-ultra-mini-brown-driftwood-w
675,Nike Air Terra Forma Off-White Wheat Green Strike,https://stockx.com/fr-fr/nike-air-terra-forma-off-white-wheat
676,New Balance 990v6 MiUSA Grey,https://stockx.com/fr-fr/new-balance-990v6-grey
677,Nike Air Zoom Alphafly Next% Flyknit Hyper Violet,https://stockx.com/fr-fr/nike-air-zoom-alphafly-next-flyknit-hyper-violet
678,Nike Air Force 1 Low '07 LV8 Pearl White Sesame,https://stockx.com/fr-fr/nike-air-force-1-low-07-lv8-pearl-white-sesame
679,Li-Ning Way of Wade 10 Mint,https://stockx.com/fr-fr/li-ning-way-of-wade-10-mint
680,New Balance 550 White University Blue Grey Toe,https://stockx.com/fr-fr/new-balance-550-white-university-blue-grey-toe
681,Jordan 2 Retro Low Responsibility,https://stockx.com/fr-fr/air-jordan-2-retro-low-responsibility
682,Nike Air Max Penny 1 Tiger Stripes Black White,https://stockx.com/fr-fr/nike-air-max-penny-1-tiger-stripes-black-white
683,Jordan 1 High Zoom Air CMFT 2 Valentine's Day (2023) (W),https://stockx.com/fr-fr/air-jordan-1-high-zoom-air-cmft-2-valentines-day-2023-w
684,New Balance 9060 Grey Matter Timberwolf,https://stockx.com/fr-fr/new-balance-9060-grey-matter-timberwolf
685,adidas Yeezy 500 Blush,https://stockx.com/fr-fr/adidas-yeezy-500-blush
686,Jordan 6 Retro UNC White (GS),https://stockx.com/fr-fr/air-jordan-6-retro-unc-white-gs
687,Nike Dunk High Pink Prime (W),https://stockx.com/fr-fr/nike-dunk-high-pink-prime-w
688,Jordan 1 Low Mocha,https://stockx.com/fr-fr/air-jordan-1-low-mocha
689,Jordan 3 Retro Neapolitan Dark Mocha (W),https://stockx.com/fr-fr/air-jordan-3-retro-atmosphere-mocha-w
690,Jordan 6 Retro Red Oreo,https://stockx.com/fr-fr/air-jordan-6-retro-red-oreo
691,adidas Yeezy Slide Glow Green,https://stockx.com/fr-fr/adidas-yeezy-slide-glow-green
692," Jordan 6 Retro ""Carmine (2021)"" ",https://stockx.com/fr-fr/air-jordan-6-retro-carmine-2020
693,Nike Dunk Low Retro Next Nature Sequoia,https://stockx.com/fr-fr/nike-dunk-low-retro-nn-toasty-sequoia
694,adidas Yeezy Boost 350 V2 Cream,https://stockx.com/fr-fr/adidas-yeezy-boost-350-v2-cream-white
695,adidas Yeezy Foam RNR MX Carbon,https://stockx.com/fr-fr/adidas-yeezy-foam-rnr-mx-carbon
696,Nike Dunk Low Golden Gals Metallic Silver (W),https://stockx.com/fr-fr/nike-dunk-low-shimmer-white-metallic-silver-w
697,Jordan 1 Retro Low Golf Triple White,https://stockx.com/fr-fr/air-jordan-1-retro-low-golf-triple-white
698,Nike SB Dunk High Pro Premium San Francisco Giants,https://stockx.com/fr-fr/nike-sb-dunk-high-san-francisco-giants
699,adidas Forum Low The Grinch,https://stockx.com/fr-fr/adidas-forum-low-the-grinch
700,Jordan 1 Low OG Bleached Coral (GS),https://stockx.com/fr-fr/air-jordan-1-low-og-bleached-coral-gs
701,Jordan 1 Low Black White Grey (GS),https://stockx.com/fr-fr/air-jordan-1-low-black-white-grey-gs
702,"Timberland 6"" Boot Black Nubuck Premium",https://stockx.com/fr-fr/timberland-6-black-nubuck
703,Jordan 11 Retro Space Jam (2016),https://stockx.com/fr-fr/jordan-11-retro-space-jams-2016
704,Nike Air Force 1 Low '07 LV8 40th Anniversary White Black,https://stockx.com/fr-fr/nike-air-force-1-low-07-lv8-40th-anniversary-white-black
705,Jordan 1 Retro Low OG SP Travis Scott Black Phantom (TD),https://stockx.com/fr-fr/air-jordan-1-retro-low-og-sp-travis-scott-black-phantom-td
706,Nike Air Force 1 Low SP Undefeated Multi-Patent Total Orange,https://stockx.com/fr-fr/nike-air-force-1-low-undefeated-multi-patent
707,Jordan 1 Mid Triple White (2022),https://stockx.com/fr-fr/air-jordan-1-mid-triple-white-2022
708,Nike Free Metcon 4 Black White (W),https://stockx.com/fr-fr/nike-free-metcon-4-black-white-w
709,Nike SB Dunk Low Sean Cliver,https://stockx.com/fr-fr/nike-sb-dunk-low-sean-cliver
710,New Balance 990v3 Patta Keep Your Family Close,https://stockx.com/fr-fr/new-balance-990v3-patta-keep-your-family-close
711,MSCHF Gobstomper Sour Edition,https://stockx.com/fr-fr/mschf-gobstomper-sour-edition
712,Jordan 1 Mid Triple Black (2022),https://stockx.com/fr-fr/air-jordan-1-mid-triple-black-2022
713,Nike Dunk High Retro BTTYS TCU,https://stockx.com/fr-fr/nike-dunk-high-psychic-purple
714,Nike Air Max Scorpion FK Triple Black,https://stockx.com/fr-fr/nike-air-max-scorpion-fk-triple-black
715,Jordan 1 Retro Low Golf Black Croc,https://stockx.com/fr-fr/air-jordan-1-retro-low-golf-black-croc
716,Nike Air Penny 2 Stussy Black,https://stockx.com/fr-fr/nike-air-penny-2-stussy-black
717,Nike Dunk Low LX Pink Foam (W),https://stockx.com/fr-fr/nike-dunk-low-lx-pink-foam-w
718,New Balance 2002R Lunar New Year Concrete,https://stockx.com/fr-fr/new-balance-2002r-lunar-new-year-grey
719,Nike Vaporwaffle sacai Sail Gum,https://stockx.com/fr-fr/nike-vaporwaffle-sacai-sail-gum
720,Jordan 1 Mid Mystic Navy Mint Foam,https://stockx.com/fr-fr/air-jordan-1-mid-blue-mint
721,Jordan 3 Retro Pine Green,https://stockx.com/fr-fr/air-jordan-3-retro-pine-green
722,Nike SB Dunk High Pro froSkate All Love,https://stockx.com/fr-fr/nike-sb-dunk-high-pro-froskate-all-love
723,Nike Dunk Low Cider,https://stockx.com/fr-fr/nike-dunk-low-prm-cider
724,Nike Dunk Low 3D Swoosh,https://stockx.com/fr-fr/nike-dunk-low-3d-swoosh
725,Nike Dunk Low Essential Paisley Pack Worn Blue (W),https://stockx.com/fr-fr/nike-dunk-low-blue-paisley-w
726,Crocs Pollex Clog by Salehe Bembury Urchin,https://stockx.com/fr-fr/crocs-pollex-clog-by-salehe-bembury-urchin
727,Jordan 1 Retro High Electro Orange,https://stockx.com/fr-fr/air-jordan-1-retro-high-electro-orange
728,Jordan 1 Mid Edge Glow (GS),https://stockx.com/fr-fr/air-jordan-1-mid-edge-glow-gs
729,Nike Air Max 97 Triple Black,https://stockx.com/fr-fr/nike-air-max-97-triple-black
730,Jordan 13 Retro Gym Red Flint Grey,https://stockx.com/fr-fr/air-jordan-13-retro-gym-red-flint-grey
731,New Balance 990v5 Grey (GS),https://stockx.com/fr-fr/new-balance-990-v5-grey-gs
732,Jordan 3 Retro Cool Grey (2021),https://stockx.com/fr-fr/air-jordan-3-retro-cool-grey-2021
733,Jordan 1 Mid Green Python (W),https://stockx.com/fr-fr/air-jordan-1-mid-green-python-w
734,Jordan 1 Mid Chicago Toe,https://stockx.com/fr-fr/air-jordan-1-mid-chicago-toe
735,Jordan 1 Retro High Light Army Rust Shadow Patina,https://stockx.com/fr-fr/air-jordan-1-retro-high-light-army
736,Nike Dunk Low Velvet Teal (W),https://stockx.com/fr-fr/nike-dunk-low-green-velvet-w
737,Nike Air Max 1 CLOT Kiss of Death (2021),https://stockx.com/fr-fr/nike-air-max-1-clot-kiss-of-death-2021
738," Nike SB Dunk Low ""HUF New York City"" ",https://stockx.com/fr-fr/nike-sb-dunk-low-huf-new-york-city
739,UGG Tazz Slipper Black (W),https://stockx.com/fr-fr/ugg-tazz-slipper-black-w
740,Nike Air Max 90 Iron Grey,https://stockx.com/fr-fr/nike-air-max-90-iron-grey
741,New Balance 2002R Off White,https://stockx.com/fr-fr/new-balance-2002r-off-white
742,Jordan 1 Low Hemp White,https://stockx.com/fr-fr/air-jordan-1-low-hemp-white
743,adidas Ultra Boost DNA 5.0 Cloud White Black Sole,https://stockx.com/fr-fr/adidas-ultra-boost-dna-50-cloud-white-black-sole
744,Jordan 4 Retro Midnight Navy (PS),https://stockx.com/fr-fr/air-jordan-4-retro-midnight-navy-ps
745,Jordan 1 Low SE Dark Beetroot Roma Green (GS),https://stockx.com/fr-fr/air-jordan-1-low-se-dark-beetroot-roma-green-gs
746,Nike Blazer Mid 77 Vintage Black Sail,https://stockx.com/fr-fr/nike-blazer-mid-77-vintage-black-sail
747,New Balance 9060 Bodega Age of Discovery,https://stockx.com/fr-fr/new-balance-9060-bodega-age-of-discovery
748,New Balance 990v3 Grey (2019/2021),https://stockx.com/fr-fr/new-balance-990v3-grey-2019
749,Jordan 1 Retro High White Black Volt University Gold (GS),https://stockx.com/fr-fr/air-jordan-1-retro-high-white-black-volt-university-gold-gs
750,Nike Air Force 1 Low Billie Eilish Sequoia,https://stockx.com/fr-fr/nike-air-force-1-low-billie-eilish-sequoia
751,UGG Classic Ultra Mini Platform Driftwood (W),https://stockx.com/fr-fr/ugg-classic-ultra-mini-platform-driftwood-w
752,Nike Air Max 90 Phantom Coconut Milk,https://stockx.com/fr-fr/nike-air-max-90-phantom-coconut-milk
753,Nike Air VaporMax Plus Black Metallic Gold,https://stockx.com/fr-fr/nike-air-vapormax-plus-black-metallic-gold
754,Converse TURBOWPN Mid Rick Owens DRKSHDW Black Cloud Cream,https://stockx.com/fr-fr/converse-turbowpn-mid-rick-owens-drkshdw-black-white
755,New Balance 550 UNC White Dusk Blue (W),https://stockx.com/fr-fr/new-balance-550-unc-white-dusk-blue-w
756,Air Jordan 1 Mid SE Craft Taupe Haze,https://stockx.com/fr-fr/air-air-jordan-1-mid-se-craft-taupe-haze
757,Nike Air Max 97 OG Golden Bullet (2023),https://stockx.com/fr-fr/nike-air-max-97-gold-bullet-2023
758,New Balance 990v3 MiUSA YCMC,https://stockx.com/fr-fr/new-balance-990v3-miusa-ycmc
759,Nike Air Max 95 Black Earth Sequoia Cargo Khaki,https://stockx.com/fr-fr/nike-air-max-95-black-earth-sequoia-cargo-khaki
760,Jordan 12 Retro Royalty Taxi,https://stockx.com/fr-fr/air-jordan-12-retro-royalty-taxi
761,Nike Dunk Low Harvest Moon (W),https://stockx.com/fr-fr/nike-dunk-low-harvest-moon-w
762,Nike Dunk Low Next Nature Homer Simpson (GS),https://stockx.com/fr-fr/nike-dunk-low-next-nature-home-simpson-gs
763,Jordan 1 Low Cardinal Red,https://stockx.com/fr-fr/air-jordan-1-low-cardinal-red
764,Nike Dunk High Australia,https://stockx.com/fr-fr/nike-dunk-high-australia
765,Jordan 5 Retro Green Bean (2022) (GS),https://stockx.com/fr-fr/air-jordan-5-retro-green-bean-2022-gs
766,Nike Air Force 1 Mid White '07,https://stockx.com/fr-fr/nike-air-force-1-mid-white-07
767,Jordan 1 Mid Washed Teal (W),https://stockx.com/fr-fr/air-jordan-1-mid-island-green-w
768,Jordan 1 Retro High Pine Green Black,https://stockx.com/fr-fr/air-jordan-1-retro-high-pine-green-black
769,Jordan 1 Low Bulls (GS),https://stockx.com/fr-fr/air-jordan-1-low-bulls-gs
770,Jordan 1 Mid Metallic Gold Black White,https://stockx.com/fr-fr/air-jordan-1-mid-metallic-gold-black-white
771,Nike Air Max 1 Patta Waves Rush Maroon (with Bracelet),https://stockx.com/fr-fr/nike-air-max-1-patta-waves-rush-maroon-with-bracelet
772,Jordan 1 Mid SE Sanddrift (W),https://stockx.com/fr-fr/air-jordan-1-mid-sanddrift-w
773,Nike Dunk Low NH Cacao Wow,https://stockx.com/fr-fr/nike-dunk-low-nh-cacao-wow
774,Jordan 3 Retro Georgetown (2021),https://stockx.com/fr-fr/air-jordan-3-retro-georgetown-2021
775,Nike Air More Uptempo 96 Volt,https://stockx.com/fr-fr/nike-air-more-uptempo-96-volt
776,Jordan 1 Retro High Shattered Backboard 3.0,https://stockx.com/fr-fr/air-jordan-1-retro-high-shattered-backboard-3
777,Alexander McQueen Oversized Ivory Black,https://stockx.com/fr-fr/alexander-mcqueen-oversized-ivory-black
778,Nike Dunk High AMBUSH Flash Lime,https://stockx.com/fr-fr/nike-dunk-high-ambush-flash-lime
779,UGG Classic Ultra Mini Black (W),https://stockx.com/fr-fr/ugg-classic-ultra-mini-black-w
780,Nike Kyrie Infinity Mother Nature & Father Time,https://stockx.com/fr-fr/nike-kyrie-8-infinity-mother-nature-father-time
781,New Balance 993 MiUSA Grey,https://stockx.com/fr-fr/new-balance-993-miu-grey
782,Jordan 3 Retro Black Cement (2018),https://stockx.com/fr-fr/air-jordan-3-retro-black-cement-2018
783,Nike Dunk Low Retro Fleece Swoosh Worn Blue,https://stockx.com/fr-fr/nike-dunk-low-retro-fleece-swoosh-worn-blue
784,New Balance 327 Black White Gum (W),https://stockx.com/fr-fr/new-balance-327-black-white-gum-w
785,Nike Vaporwaffle sacai Sesame Blue Void,https://stockx.com/fr-fr/nike-vaporwaffle-sacai-tan-navy
786,Nike Terminator High Georgetown (2022),https://stockx.com/fr-fr/nike-terminator-high-georgetown-2022
787,UGG Tasman II Slipper Black (Kids),https://stockx.com/fr-fr/ugg-tasman-ii-slipper-black-kids
788,Jordan 1 Mid Ice Blue (2022) (PS),https://stockx.com/fr-fr/air-jordan-1-mid-ice-blue-ps
789,New Balance 990v3 MiUSA Teddy Santis Raw Amethyst,https://stockx.com/fr-fr/new-balance-990v3-miusa-teddy-santis-raw-amethyst
790,Jordan 12 Retro Black Taxi (GS),https://stockx.com/fr-fr/air-jordan-12-retro-black-taxi-gs
791,Nike Air Max Scorpion FK Lemon Wash,https://stockx.com/fr-fr/nike-air-max-scorpion-phantom-black-light-cream-lemon-wash
792,Jordan 36 Low Flipped Infrared,https://stockx.com/fr-fr/air-jordan-36-flipped-infrared-23
793,New Balance 327 Sea Salt Golden Hour Gum (W),https://stockx.com/fr-fr/new-balance-327-sea-salt-golden-hour-gum-w
794,New Balance 530 Beige Angora,https://stockx.com/fr-fr/new-balance-530-beige-angora
795,adidas Orketro Sean Wotherspoon,https://stockx.com/fr-fr/adidas-orketro-sean-wotherspoon
796,Nike Air Force 1 Low React Black White,https://stockx.com/fr-fr/nike-air-force-1-low-react-black-white
797,Jordan Nu Retro 1 Low Varsity Red Black,https://stockx.com/fr-fr/air-jordan-nu-retro-1-low-varsity-red-black
798,New Balance 9060 Nightwatch,https://stockx.com/fr-fr/new-balance-9060-nightwatch
799,adidas adiFOM Superstar Black White,https://stockx.com/fr-fr/adidas-adifom-superstar-black-white
800,Nike KD 15 B.A.D.,https://stockx.com/fr-fr/nike-kd-15-bad
801,Nike Dunk Low Retro PRM Year of the Rabbit Light Crimson (2023),https://stockx.com/fr-fr/nike-dunk-low-retro-prm-year-of-the-rabbit-brown-orange
802,Jordan 1 Low Desert (W),https://stockx.com/fr-fr/air-jordan-1-low-desert-w
803,Jordan 1 Retro Low Golf Midnight Navy,https://stockx.com/fr-fr/air-jordan-1-retro-low-golf-midnight-navy
804,Nike Air Zoom Alphafly Next% 2 Ekiden Scream Green,https://stockx.com/fr-fr/nike-air-zoom-alphafly-next-2-ekiden-scream-green
805,adidas Ozmorphis Mr. Bailey Core Black,https://stockx.com/fr-fr/adidas-ozmorphis-mr-bailey-core-black
806,MSCHF Super Normal 2 Common White,https://stockx.com/fr-fr/mschf-super-normal-2-common-white
807,Jordan 5 Retro Aqua (PS),https://stockx.com/fr-fr/air-jordan-5-retro-aqua-ps
808,Nike Air Max Terrascape 90 White Grey,https://stockx.com/fr-fr/nike-air-max-terrascape-90-white-grey
809,Nike Air Force 1 Low Valentine's Day (2023) (GS),https://stockx.com/fr-fr/nike-air-force-1-low-valentines-day-2023-gs
810,Jordan 1 Mid Sonics (2021),https://stockx.com/fr-fr/air-jordan-1-mid-sonics-2021
811,Nike Dunk Low Next Nature Sun Club Arctic Orange,https://stockx.com/fr-fr/nike-dunk-low-sun-club
812,Jordan 1 Mid SE Coconut Milk Particle Grey,https://stockx.com/fr-fr/air-jordan-1-mid-se-coconut-milk-particle-grey
813,Jordan 1 Mid Light Smoke Grey (W),https://stockx.com/fr-fr/air-jordan-1-mid-light-smoke-grey-w
814,Nike Air Humara LX Jacquemus Light Bone Gold (W),https://stockx.com/fr-fr/nike-air-humara-lx-jacquemus-beige-w
815,Jordan 1 Low Green Toe,https://stockx.com/fr-fr/air-jordan-1-low-green-toe
816,Nike Kobe 6 Protro Mambacita Sweet 16,https://stockx.com/fr-fr/nike-kobe-6-protro-mamba-forever
817,Nike Dunk Low Snakeskin Washed Teal Bleached Coral,https://stockx.com/fr-fr/nike-dunk-low-snakeskin-washed-teal-bleached-coral
818,Nike Air Max 1 Kasina Won-Ang Grey,https://stockx.com/fr-fr/nike-air-max-1-kasina-won-ang-grey
819,Nike Hot Step Air Terra Drake NOCTA White,https://stockx.com/fr-fr/nike-hot-step-air-terra-drake-nocta
820,Nike SB Dunk High New York Mets,https://stockx.com/fr-fr/nike-sb-dunk-high-new-york-mets
821,adidas Yeezy Boost 350 V2 Ash Pearl,https://stockx.com/fr-fr/adidas-yeezy-boost-350-v2-ash-pearl-2021
822,Air Jordan 1 Low Vintage Grey (GS),https://stockx.com/fr-fr/air-air-jordan-1-low-vintage-grey-gs
823,Jordan 1 Low Black Grey Pink,https://stockx.com/fr-fr/air-jordan-1-low-black-grey-pink
824,Nike LD Waffle sacai CLOT Kiss of Death 2 Cool Grey,https://stockx.com/fr-fr/nike-ld-waffle-clot-sacai-grey-navy
825,Nike Blazer Mid 77 Vintage Summit White Pink (W),https://stockx.com/fr-fr/nike-blazer-mid-77-vintage-summit-white-pink-w
826,Jordan 5 Retro What The,https://stockx.com/fr-fr/air-jordan-5-retro-what-the
827,UGG Tasman Slipper Goat (W),https://stockx.com/fr-fr/ugg-tasman-slipper-goat
828,Nike Dunk Low Pink Velvet (GS),https://stockx.com/fr-fr/nike-dunk-low-pink-velvet-gs
829,Air Jordan 1 Mid Black Fire Red (GS),https://stockx.com/fr-fr/air-air-jordan-1-mid-black-fire-red-gs
830,Jordan 1 Mid SE Rush Orange Crimson Bliss (W),https://stockx.com/fr-fr/air-jordan-1-mid-orange-black-w
831,Nike Dunk High PRM Somos Familia,https://stockx.com/fr-fr/nike-dunk-high-prm-somos-familia
832,Nike Air Max 95 NH Ironstone,https://stockx.com/fr-fr/nike-air-max-95-nh-ironstone-celery
833,Nike Dunk Low Black White (2022) (GS),https://stockx.com/fr-fr/nike-dunk-low-black-white-2022-gs
834,Jordan 1 Mid Arctic Orange Black Toe (GS),https://stockx.com/fr-fr/air-jordan-1-mid-crimson-tint-toe-gs
835,Jordan 2 Retro Low Two 18,https://stockx.com/fr-fr/air-jordan-2-retro-low-two-18
836,adidas Samba Classic Black White Dark Gum,https://stockx.com/fr-fr/adidas-samba-classic-black-white-dark-gum
837,Jordan 1 Low Light Smoke Grey,https://stockx.com/fr-fr/air-jordan-1-low-light-smoke-grey
838,Jordan 2 Retro Low Shelflife,https://stockx.com/fr-fr/air-jordan-2-retro-low-shelflife
839,Nike Dunk High Fossil Stone (W),https://stockx.com/fr-fr/nike-dunk-high-fossil-stone-w
840,Nike Air Force 1 Low SP Undefeated Multi-Patent Pink Prime,https://stockx.com/fr-fr/nike-air-force-1-low-sp-undefeated-multi-patent-pink-prime
841,adidas Yeezy Boost 700 V2 Cream,https://stockx.com/fr-fr/adidas-yeezy-boost-700-v2-cream
842,Nike Air Max 97 Muslin Pink Foam,https://stockx.com/fr-fr/nike-air-max-97-muslin-pink-foam
843,Nike SB Dunk Low Pro Be True Xavier Schipani,https://stockx.com/fr-fr/nike-sb-dunk-low-pro-be-true-xavier-schipani
844,Nike ZoomX Invincible Run Flyknit 2 Black White,https://stockx.com/fr-fr/nike-zoomx-invincible-run-flyknit-2-black-white
845,Nike Dunk Low Oxidized,https://stockx.com/fr-fr/nike-dunk-low-oxidized
846,Jordan 11 CMFT Low Bred,https://stockx.com/fr-fr/air-jordan-11-cmft-low-bred
847,Nike Air Force 1 Low Multi-Swoosh Black Orange,https://stockx.com/fr-fr/nike-air-force-1-low-multi-swoosh-black-orange
848,Nike Air Terra Forma Off-White Summit White Psychic Purple,https://stockx.com/fr-fr/nike-air-terra-forma-off-white-white
849,Nike LeBron 20 South Beast,https://stockx.com/fr-fr/nike-lebron-20-pink
850,Nike Air Max 270 Bred (2022),https://stockx.com/fr-fr/nike-air-max-270-bred-2022
851,Nike Dunk High Retro Reverse Goldenrod,https://stockx.com/fr-fr/nike-dunk-high-reverse-goldenrod
852,Jordan 1 Zoom CMFT Black Light Smoke Grey,https://stockx.com/fr-fr/air-jordan-1-zoom-cmft-black-light-smoke-grey
853,Jordan 2 Retro OG Chicago (2022) (GS),https://stockx.com/fr-fr/air-jordan-2-chicago-2022-gs
854,Jordan 9 Retro Light Olive Concord,https://stockx.com/fr-fr/air-jordan-9-retro-olive-concord
855,New Balance 9060 Lunar New Year Timberwolf Grey,https://stockx.com/fr-fr/new-balance-9060-lunar-new-year-grey
856,Nike Air Force 1 '07 Low White Swoosh Panda,https://stockx.com/fr-fr/nike-air-force-1-07-low-white-swoosh-panda
857,Nike Zoom Freak 4 Birthstone,https://stockx.com/fr-fr/nike-zoom-freak-4-birthstone
858,Nike Dunk Low Retro PRM Year of the Rabbit Blue Orange Cream,https://stockx.com/fr-fr/nike-dunk-low-retro-prm-year-of-the-rabbit-blue-orange-cream
859,Nike Cortez '23 White Black Light Photo Blue,https://stockx.com/fr-fr/nike-cortez-white-black-light-photo-blue
860,Nike Air Max 90 Golf NRG Desert Camo,https://stockx.com/fr-fr/nike-air-max-90-golf-nrg-desert-camo-w
861,Jordan 1 Retro High 85 Black White (2023) (TD),https://stockx.com/fr-fr/baby-air-jordan-85-black-white-td
862,Jordan 13 Retro Playoffs (2023) (TD),https://stockx.com/fr-fr/air-jordan-13-retro-playoffs-2023-td
863,Jordan 3 Retro Cardinal (GS),https://stockx.com/fr-fr/air-jordan-3-retro-cardinal-gs
864,Nike Dunk Low Championship Goldenrod (2021),https://stockx.com/fr-fr/nike-dunk-low-goldenrod
865,Nike Air Force 1 Mid Stussy Fossil,https://stockx.com/fr-fr/nike-air-force-1-mid-stussy-fossil
866,adidas Yeezy Boost 700 MNVN Geode,https://stockx.com/fr-fr/adidas-yeezy-boost-700-mnvn-geode
867,Jordan 1 Low SE Light Smoke Grey Gym Red,https://stockx.com/fr-fr/air-jordan-1-low-light-smoke-grey-gym-red
868,Jordan 1 Retro High OG Prototype ,https://stockx.com/fr-fr/air-jordan-1-high-og-prototype
869,Nike Air Force 1 High '07 SP Billie Eilish Mushroom,https://stockx.com/fr-fr/nike-air-force-1-high-07-sp-billie-eilish
870,Nike Air Humara LX Jacquemus Ale Brown Gold (W),https://stockx.com/fr-fr/nike-air-humara-lx-jacquemus-brown-w
871," Jordan 1 Retro High ""White Black Volt University Gold"" ",https://stockx.com/fr-fr/air-jordan-1-retro-high-white-black-volt-university-gold
872,Nike Go FlyEase Black Gum,https://stockx.com/fr-fr/nike-go-flyease-black-gum
873,Nike Air Max 270 Black White,https://stockx.com/fr-fr/nike-air-max-270-black-white
874,Jordan 6 Retro Bordeaux,https://stockx.com/fr-fr/air-jordan-6-retro-bordeaux
875,Nike Air Force 1 Shadow Triple White (W),https://stockx.com/fr-fr/nike-air-force-1-shadow-triple-white-w
876,adidas Yeezy 700 V3 Copper Fade,https://stockx.com/fr-fr/adidas-yeezy-700-v3-copper-fade
877,Nike Air Trainer 1 Utility SP Light Smoke Grey Honeydew Particle Grey,https://stockx.com/fr-fr/nike-air-trainer-1-utility-sp-light-smoke-grey-honeydew-particle-grey
878,Nike Dunk Low SE Jackpot (GS),https://stockx.com/fr-fr/nike-dunk-low-se-jackpot-gs
879,Jordan 3 Retro Patchwork Camo,https://stockx.com/fr-fr/air-jordan-3-retro-multi-camo
880,Nike LeBron 9 Big Bang (2022),https://stockx.com/fr-fr/nike-lebron-9-big-bang-2022
881,Jordan 1 Retro AJKO Rush Orange,https://stockx.com/fr-fr/air-jordan-1-retro-ajko-syracuse
882,New Balance 2002R Protection Pack Sea Salt,https://stockx.com/fr-fr/new-balance-m2002-protection-pack-sea-salt
883,Nike SB Dunk High FAUST Black Gold,https://stockx.com/fr-fr/nike-sb-dunk-high-faust-black-gold
884,Nike Air Force 1 Mid Stussy Black White,https://stockx.com/fr-fr/nike-air-force-1-mid-stussy-black-white
885,adidas Yeezy Boost 350 V2 Desert Sage,https://stockx.com/fr-fr/adidas-yeezy-boost-350-v2-desert-sage
886,Nike Dunk Low Blueberry (GS),https://stockx.com/fr-fr/nike-dunk-low-blueberry-gs
887,Jordan 12 Retro Hyper Royal (W),https://stockx.com/fr-fr/air-jordan-12-retro-hyper-royal-w
888,Nike Air Force 1 Mid '07 Triple Black (2021),https://stockx.com/fr-fr/nike-air-force-1-mid-07-triple-black-2021
889,Converse Chuck Taylor All-Star 70 Hi Comme des Garcons PLAY Blue,https://stockx.com/fr-fr/converse-chuck-taylor-all-star-70s-hi-comme-des-garcons-play-blue
890,Jordan 4 Retro Union Guava Ice,https://stockx.com/fr-fr/air-jordan-4-retro-union-guava-ice
891,Nike Dunk Low Safari Golden Moss,https://stockx.com/fr-fr/nike-dunk-low-safari-cacao-wow
892,Jordan 1 Mid Olive Toe (W),https://stockx.com/fr-fr/air-jordan-1-mid-olive-toe-w
893,Nike Air Force 1 Mid QS Chocolate,https://stockx.com/fr-fr/nike-air-force-1-mid-qs-chocolate
894,adidas Ultra Boost 1.0 Cream Chalk (2018/2022),https://stockx.com/fr-fr/adidas-ultra-boost-1pt0-cream-white
895,Jordan 1 Retro High 85 Neutral Grey,https://stockx.com/fr-fr/air-jordan-1-retro-high-85-neutral-grey
896,Puma LaMelo Ball MB.01 Lo Black White,https://stockx.com/fr-fr/puma-lamelo-ball-mb01-lo-black-white
897,Nike PG 6 Black Peach Cream Celestine Blue,https://stockx.com/fr-fr/nike-pg-6-black-peach-cream-celestine-blue
898,adidas Superstar Core Black Cloud White Gold,https://stockx.com/fr-fr/adidas-superstar-core-black-cloud-white-gold
899,Jordan 1 Mid SE Split Beach Cherrywood Red (W),https://stockx.com/fr-fr/air-jordan-1-mid-split-beach-cherrywood-red-w
900,Nike Air Force 1 Low Roman Empire Dark Beetroot (W),https://stockx.com/fr-fr/nike-air-force-1-low-roman-empire-dark-beetroot-w
901,Nike SB Dunk High Pawnshop Skate Co. Old Soul,https://stockx.com/fr-fr/nike-sb-dunk-high-pawnshop-skate-co
902,Puma LaMelo Ball MB.02 Rookie Of The Year,https://stockx.com/fr-fr/puma-lamelo-ball-mb02-rookie-of-the-year
903,Nike Air Zoom Flight 95 White Photo Blue,https://stockx.com/fr-fr/nike-air-zoom-flight-95-white-photo-blue
904,Jordan 1 Elevate Low Coconut Milk (W),https://stockx.com/fr-fr/air-jordan-1-elevate-low-coconut-milk-w
905,adidas Yeezy Boost 700 V2 Tephra,https://stockx.com/fr-fr/adidas-yeezy-boost-700-v2-tephra
906,Jordan 1 Low SE Gold Toe (GS),https://stockx.com/fr-fr/air-jordan-1-low-se-gold-toe-gs
907,Jordan 1 Retro High Golf Patent Midnight Navy,https://stockx.com/fr-fr/air-jordan-1-retro-high-golf-patent-midnight-navy
908,Nike Air More Uptempo 96 Red Toe,https://stockx.com/fr-fr/nike-air-more-uptempo-red-toe
909,Nike Air Max Plus Spirograph,https://stockx.com/fr-fr/nike-air-max-plus-spirograph
910,Nike Air Max 90 Gore-Tex Photodust,https://stockx.com/fr-fr/nike-air-max-90-gore-tex-photodust
911,Puma MB.01 LaMelo Ball Iridescent Dreams (GS),https://stockx.com/fr-fr/puma-mb01-lamelo-ball-iridescent-dreams-gs
912,Li-Ning Way of Wade 10 Lavender,https://stockx.com/fr-fr/li-ning-way-of-wade-10-lavender
913,Jordan 2 Retro OG Chicago (2022) (W),https://stockx.com/fr-fr/air-jordan-2-retro-og-chicago-2022-w
914,Nike Air Max 90 Triple White (2022) (W),https://stockx.com/fr-fr/nike-air-max-90-triple-white-2022-w
915,Jordan 13 Retro Playoffs (2011),https://stockx.com/fr-fr/jordan-13-retro-playoffs-2011
916,Jordan 1 Retro High OG True Blue (TD),https://stockx.com/fr-fr/air-jordan-1-retro-high-og-true-blue-td
917,Nike Dunk Low LX Black Team Gold (W),https://stockx.com/fr-fr/nike-dunk-low-lx-black-team-gold-w
918,Nike Spark Phantom Dark Smoke Grey (W),https://stockx.com/fr-fr/nike-spark-phantom-dark-smoke-grey-w
919,Jordan 6 Rings Black Gym Red,https://stockx.com/fr-fr/air-jordan-6-rings-black-gym-red
920,Nike Air Force 1 Low SP AMBUSH Black,https://stockx.com/fr-fr/nike-air-force-1-low-sp-ambush-black
921,Nike Dunk Low Midas Gold,https://stockx.com/fr-fr/nike-dunk-low-midas-gold
922,Jordan 1 Low Marina Blue (W),https://stockx.com/fr-fr/air-jordan-1-low-marina-blue-w
923,Jordan 12 Retro Playoffs (2022) (GS),https://stockx.com/fr-fr/air-jordan-12-retro-playoffs-2022-gs
924,Jordan 1 Retro High OG Bleached Coral (GS),https://stockx.com/fr-fr/air-jordan-1-retro-high-stage-haze-gs
925,Jordan 4 Retro Blank Canvas (W),https://stockx.com/fr-fr/air-jordan-4-retro-blank-canvas-w
926,Jordan 1 Mid Banned (2020),https://stockx.com/fr-fr/air-jordan-1-mid-banned-2020
927,adidas Yeezy 500 Granite,https://stockx.com/fr-fr/adidas-yeezy-500-granite
928,Nike Dunk Low Easter 2022 (W),https://stockx.com/fr-fr/nike-dunk-low-easter-2022-w
929,Jordan 1 Retro High OG Brotherhood (GS),https://stockx.com/fr-fr/air-jordan-1-retro-high-og-brotherhood-gs
930,Jordan 1 Mid Armory Navy (GS),https://stockx.com/fr-fr/air-jordan-1-mid-dark-teal-gs
931,New Balance 550 Silver Birch (W),https://stockx.com/fr-fr/new-balance-550-silver-birch-w
932,Jordan 1 Mid SE Dark Chocolate,https://stockx.com/fr-fr/air-jordan-1-mid-earth-tone
933,Nike Dunk Low Union Passport Pack Pistachio,https://stockx.com/fr-fr/nike-dunk-low-union-midnight-navy
934,Nike Dunk Low Clear Blue Swoosh (GS),https://stockx.com/fr-fr/nike-dunk-low-clear-blue-swoosh-gs
935,Jordan 1 Elevate Low Wolf Grey (W),https://stockx.com/fr-fr/air-jordan-1-low-lv8d-elevated-wolf-grey-w
936,Jordan 1 Low Black White Grey,https://stockx.com/fr-fr/air-jordan-1-low-black-white-grey
937,Jordan 1 Low UNC (2021),https://stockx.com/fr-fr/air-jordan-1-low-unc-2021
938,Jordan 1 Mid SE Pastel Vivid Green Grind (GS),https://stockx.com/fr-fr/air-jordan-1-mid-pastel-grind-gs
939,Nike Dunk Low Vintage Green (W),https://stockx.com/fr-fr/nike-dunk-low-vintage-green-w
940,Nike Air Force 1 Low White Gum,https://stockx.com/fr-fr/nike-air-force-1-low-white-gum
941,adidas Yeezy Boost 350 V2 Israfil,https://stockx.com/fr-fr/adidas-yeezy-boost-350-v2-israfil
942,Air Jordan 1 Mid Taxi,https://stockx.com/fr-fr/air-air-jordan-1-mid-taxi
943,Nike LD Waffle SF sacai Fragment Blue Void,https://stockx.com/fr-fr/nike-ld-waffle-sf-sacai-fragment-grey-blue-void
944,Jordan 4 Retro University Blue (GS),https://stockx.com/fr-fr/air-jordan-4-retro-university-blue-gs
945,Nike LD Waffle sacai CLOT Kiss of Death Net Orange Blaze,https://stockx.com/fr-fr/nike-ldwaffle-clot-sacai-net-orange-blaze
946,Nike Dunk Low Jackie Robinson (GS),https://stockx.com/fr-fr/nike-dunk-low-jackie-robinson-gs
947,Nike Dunk Low SE Sail Multi-Camo,https://stockx.com/fr-fr/nike-dunk-low-se-multi-camo
948,Jordan 6 Retro Electric Green,https://stockx.com/fr-fr/air-jordan-6-retro-electric-green
949,Jordan 13 Retro Obsidian Powder Blue White,https://stockx.com/fr-fr/air-jordan-13-retro-white-obsidian-powder-blue
950,Jordan 1 High Element Gore-Tex Berry,https://stockx.com/fr-fr/air-jordan-1-high-element-gore-tex-berry
951,Jordan 1 Retro High OG Pollen (GS),https://stockx.com/fr-fr/air-jordan-1-retro-high-og-pollen-gs
952,Nike Dunk Low Essential Paisley Pack Green (W),https://stockx.com/fr-fr/nike-dunk-low-essential-paisley-pack-green-w
953,Nike Air Max 90 NRG Bacon (2021),https://stockx.com/fr-fr/nike-air-max-90-nrg-bacon-2021
954,Jordan 12 Retro Stealth (GS),https://stockx.com/fr-fr/air-jordan-12-retro-stealth-gs
955,Jordan 5 Retro Raging Bull Red (2021) (GS),https://stockx.com/fr-fr/air-jordan-5-retro-raging-bulls-red-2021-gs
956,Jordan 1 Low Black Grey Pink (GS),https://stockx.com/fr-fr/air-jordan-1-low-black-grey-pink-gs
957,Jordan 1 Low SE Craft Obsidian French Blue Ashen Slate White,https://stockx.com/fr-fr/air-jordan-1-low-se-craft-obsidian-french-blue-ashen-slate-white
958,Jordan 5 Retro Fire Red Silver Tongue (2020),https://stockx.com/fr-fr/air-jordan-5-retro-fire-red-silver-tongue-2020
959,Nike Dunk Low SE 85 Neptune Green (W),https://stockx.com/fr-fr/nike-dunk-low-se-85-neptune-green
